-- phpMyAdmin SQL Dump
-- version 5.1.1
-- https://www.phpmyadmin.net/
--
-- Host: 127.0.0.1
-- Generation Time: Sep 04, 2021 at 10:11 AM
-- Server version: 10.4.20-MariaDB
-- PHP Version: 7.4.22

SET SQL_MODE = "NO_AUTO_VALUE_ON_ZERO";
START TRANSACTION;
SET time_zone = "+00:00";


/*!40101 SET @OLD_CHARACTER_SET_CLIENT=@@CHARACTER_SET_CLIENT */;
/*!40101 SET @OLD_CHARACTER_SET_RESULTS=@@CHARACTER_SET_RESULTS */;
/*!40101 SET @OLD_COLLATION_CONNECTION=@@COLLATION_CONNECTION */;
/*!40101 SET NAMES utf8mb4 */;

--
-- Database: `blogs`
--

-- --------------------------------------------------------

--
-- Table structure for table `ads`
--

CREATE TABLE `ads` (
  `id` int(11) NOT NULL,
  `owner_name` varchar(50) NOT NULL,
  `photo` text NOT NULL,
  `link` text NOT NULL,
  `start` date NOT NULL,
  `end` date NOT NULL,
  `created_at` timestamp NOT NULL DEFAULT current_timestamp()
) ENGINE=InnoDB DEFAULT CHARSET=utf8mb4;

--
-- Dumping data for table `ads`
--

INSERT INTO `ads` (`id`, `owner_name`, `photo`, `link`, `start`, `end`, `created_at`) VALUES
(1, 'mgmg', ' https://channelmyanmar.org/wp-content/uploads/2021/01/club388_myanmar_4.gif', 'http://google.com/', '2021-05-02', '2021-05-08', '2021-05-01 23:27:56');

-- --------------------------------------------------------

--
-- Table structure for table `categories`
--

CREATE TABLE `categories` (
  `id` int(11) NOT NULL,
  `title` varchar(255) NOT NULL,
  `user_id` int(11) NOT NULL,
  `ordering` int(11) DEFAULT NULL,
  `created_at` timestamp NOT NULL DEFAULT current_timestamp()
) ENGINE=InnoDB DEFAULT CHARSET=utf8mb4;

--
-- Dumping data for table `categories`
--

INSERT INTO `categories` (`id`, `title`, `user_id`, `ordering`, `created_at`) VALUES
(1, 'News', 1, 0, '2021-05-01 22:16:10'),
(2, 'Sports', 1, 0, '2021-05-01 22:16:16'),
(3, 'Movies', 3, NULL, '2021-08-30 07:22:21'),
(4, 'Education News', 1, 1, '2021-05-01 22:16:29'),
(5, 'Programming News', 1, 0, '2021-05-01 23:41:20');

-- --------------------------------------------------------

--
-- Table structure for table `posts`
--

CREATE TABLE `posts` (
  `id` int(11) NOT NULL,
  `title` varchar(255) NOT NULL,
  `photo` varchar(255) NOT NULL,
  `description` longtext NOT NULL,
  `user_id` int(11) NOT NULL,
  `category_id` int(11) NOT NULL,
  `is_publish` enum('0','1') NOT NULL DEFAULT '0',
  `ordering` int(11) DEFAULT NULL,
  `created_at` timestamp NOT NULL DEFAULT current_timestamp()
) ENGINE=InnoDB DEFAULT CHARSET=utf8mb4;

--
-- Dumping data for table `posts`
--

INSERT INTO `posts` (`id`, `title`, `photo`, `description`, `user_id`, `category_id`, `is_publish`, `ordering`, `created_at`) VALUES
(1, 'ဂျေးဇူးသည် အသင်းအတွက် အလွန်အရေးပါသည့် ကစားသမားဟု ဂွါဒီယိုလာဆို', 'save/6128ed519cba6_sport1.png', '&lt;p&gt;&lt;img src=&quot;data:image/png;base64,/9j/4AAQSkZJRgABAQEAYABgAAD//gA7Q1JFQVRPUjogZ2QtanBlZyB2MS4wICh1c2luZyBJSkcgSlBFRyB2NjIpLCBxdWFsaXR5ID0gNzUK/9sAQwAIBgYHBgUIBwcHCQkICgwUDQwLCwwZEhMPFB0aHx4dGhwcICQuJyAiLCMcHCg3KSwwMTQ0NB8nOT04MjwuMzQy/9sAQwEJCQkMCwwYDQ0YMiEcITIyMjIyMjIyMjIyMjIyMjIyMjIyMjIyMjIyMjIyMjIyMjIyMjIyMjIyMjIyMjIyMjIy/8AAEQgCNANIAwEiAAIRAQMRAf/EAB8AAAEFAQEBAQEBAAAAAAAAAAABAgMEBQYHCAkKC//EALUQAAIBAwMCBAMFBQQEAAABfQECAwAEEQUSITFBBhNRYQcicRQygZGhCCNCscEVUtHwJDNicoIJChYXGBkaJSYnKCkqNDU2Nzg5OkNERUZHSElKU1RVVldYWVpjZGVmZ2hpanN0dXZ3eHl6g4SFhoeIiYqSk5SVlpeYmZqio6Slpqeoqaqys7S1tre4ubrCw8TFxsfIycrS09TV1tfY2drh4uPk5ebn6Onq8fLz9PX29/j5+v/EAB8BAAMBAQEBAQEBAQEAAAAAAAABAgMEBQYHCAkKC//EALURAAIBAgQEAwQHBQQEAAECdwABAgMRBAUhMQYSQVEHYXETIjKBCBRCkaGxwQkjM1LwFWJy0QoWJDThJfEXGBkaJicoKSo1Njc4OTpDREVGR0hJSlNUVVZXWFlaY2RlZmdoaWpzdHV2d3h5eoKDhIWGh4iJipKTlJWWl5iZmqKjpKWmp6ipqrKztLW2t7i5usLDxMXGx8jJytLT1NXW19jZ2uLj5OXm5+jp6vLz9PX29/j5+v/aAAwDAQACEQMRAD8AxEWrSiokWp1roggqMcBUgHFNAqQDiumKOKchuKNvNOxQRWqRzyY3FOOMUzvSMeOtKRUGBIzVeRxTnfFVJHxmuWaO6mxsj9agd6SRqru1ckjvg9B7SVGZKYWJptSkU2Sbs0mKVRkU7FaRRm2RkU3HNSkVH3rVGEgzil8wimNUbNiqJZY8409Zqob8mnB/ekwRo+YSKYXqsJDQXNQ2aolMlRM2aYWppNZtlJCMaiPWpMZpNvNTcYwLmnbKlVRSlaaZLRWZOabs5qwy803bzV3JsNVKlCUqipAKLhYYFpdtSbaXaKB2IulJmnstRE4NAnoODYNPD1Buo31SRLZdR6twuM1mq2KnjkwadibmxC4zWhC/SsSCXmtOGTOKLCua8T8VbjPFZ0LcVfhPFFguWlqYCoVNTg07AmLjimlacTTSaViiN04qpMvBq4x4qvL0osVcx5kyTVGSDLdK1pE5qLyR6U7DuZv2elFuRWl5Q9KQx+1NITZn+WQKPLNW2jpmzninYhohWOrEUJzUiRcVaijxg007CaGRwHNWkhxT4156VYVM07isVzCc0eSauiOgp7VLY0ioIjTvJNWglPCVDNEUTATTDbGtMR0vlAikO5kG3z2pPs3HStcWw9KDb47UBcxjbe1At/atc2/tTfIx2oEZZg9qaYK1TB7Uww+1AGWYKBFitIw+1MaEDtQIomOmFausmBUMiAUmNFY0oalIzTOB3qJM0SJVaplaqgbFSrJUXLSLQegtmoQwpd3NHMVYeOtTx9Krqcmp0ai4miwvWplNQKcVIrVakQ0WlNSg8VXU1IH4rRSJaFZqhZqc7VCxquYmwx35qlM/NTyNzVGZuTSbHYq3D5FZ8h5qzM2c1UfmpbKQzqaUIDSouTUyJmoHcWOIVdih4FNhQelaEMYOKtCbCKHmraQ0+OMA9KsKgrRGbIRHzTXjqzt5qN1xTJKUowKKfN0opgciBipBiod9AkpQ1IqsshqkDcVVElO8ziuqKOCbLG+kLVCJKQyVdjJjy1RO9I0lQNJSY1uDvxVaRs0sknFVnk5rCa0O2mI7VC5oeTg1Fvya5ZI7ovQeDTgKjB5qVTUqJXMSKOKXFKvSlNaRiRJkbVHjmpWHNNxV2IZGwqF1NWStNZRigVikRzTgDUhUZpOBUNjURoJp27imE0maybNUh+aQ0maM1BQ4UYpAacKBj1FKRQtKaEybEbCm96kNNC807isKop4pVWnBKdx2EHNLg04LigjiqTE0RPUDdasN0qu1MhjDSYoNGaohkimpFPNRA08GqM2XIX961bZ8gc1iRnHNadtJ0qhG5A3FaEDcVkQyVoQScUAaSNUqtVNJOKsK1BSJ91JuGKYDRmkUgY1G/IpxppFBaKzJk9KTyxVgrTStAEBUDrTHABp1zcw2yEua5y81t5crHwPXNQ52HymzLLHF94gVA15boN24Vzkl0ZEJkdj+NQFxsB5x9azdVjUDpTqsC/Wnx61ECK5UMWOQeKkVmJANL2jHyHZw61bk8kflV+HUreQ8OK4HzAnQk0i3bxjhmyPemqpPIemq6cYI5qTGTXncGu3CKPmbj3rb07xOHYLL0+tUp3DlOqUA8VKie1U7bULa5ICOATWoikrwQRVXuSRiLNPENTqox0p4SmFyEQ0eTVkJTvLoC5TMHFRmGtHys8U1oKAuZxhpphq+YaYYqQXKBhqF48dq0WiqvKgpXAz3Sqsw4rQlTiqM4qWy0ii3AquzYqeU4FU5HrOTNEP3+9ODmqpel83is2y0i6snvUivnvVAS1IkvSpuOxfRuanVuKopJU6ScU+Ydi8rVMpqksnNTrJxT5hOJcVuKeG96qq9PD1amQ0SMw9ahZqVmqF24q1ImxHI3NZ8789atSPVGYE02wSKrnJqLFTMnNN2c0xCIvNWY0piJVmJKBEsSdOK0IEqvEvFXYl4FUkIsxrUwWmRipkFaIljCtRSCrJFQSCmSUZRwaKfKODRQI4PdxTQ+O9M30wvU02KqiysnvUgcEVRD1IJK64yOGcS3u96aX96g30haq5jPlJWfjrUDv701n4qu8lJsqMRXfjrUDvTXfioWesZM6YIVmpPpURbmnK1ZNHQmSrU6VAtTpSUSuYnXpRQvSiqHcaRQBzTsUdKBDWFRPUpOaiehgQtULHmpWNRNWUi4jCaTNITSZrJmiQ7PvTgaZSipGOBp6mogakWgCZTS5pgNOHNMAxk04ClAp4WgLCotSBR6UKKkxQFhpUU0ipMU0ihMGitIMVWbrVuQZqs/U1aZlJEJpDSk00mtEZsdmnA1HmlBqiGWUartvJgjms9Gq1EwyKok3LeTNX4ZKxoJMCr8UtAGtHIMdatI+e9ZcUnvVyOQGgpF4NS5qBXBqQMPWkaJD6CabketBNFxgSAOapX16lrDvJGew7mrLn5TgZPYVp2HhiOZVvNSBIPKoDWc52LirnA3MGo6kPMW1kZT0G01XHh/VFXm1cD3U166xt4dqQxqqj2qtNIpznH5VzOVzojTPMYvDd+y58k5/3ac/hnUGGDESP92vRgVHSnbh7VncvkR5hJoF9AuBC2f901CtvPBkSxsM+1eptIh4ZVNU57azlB3RgmlzC5DzX7OpO5WIPoaa0TdQldtdaRZygjaVPsay30Jg3yP8vvTUhchyrg7sCM/WoSWibKgiuku9LljHyqcVhzxBM7m5qlIylEIb6WJgwcqR6Gup0fxY1u6pcMSuMbia4p9u0jNJHK6jZkEetaKRk0e6WV9bXsQeKVWJ7Zq4vBwRzXiWn6xdabOjJISo6ivW9E1iDVrJZUceYOoraMiGjVC09UpqnI4NSoasQBcGgipKQigCEoPSo2X2qwRUbCkMqOKqyrV2TvVOakxooyis+5rRmPWs24OeahlozpjVGVhmrdwazpm5rORqg39eaaX96rNLzTDLWbLRcEnPWpkk6VmiTJqdHrNspI0o5BnrVhJPesxHq1G/FRzDsaCPx1qyjcVno/FWUbpTUrhYvKaeKhjOQKmFaIzYjNioXOalYc1GRVokruKqyCrjiq0gNaIkq4pQo9KdjmlxxVoQqrViEVAtWIapEl2JeBVxFwBVaHpVxOlUQ2SoKnQVEgqZaoQEVDIKnNQyGgRTmHFFOmxiiqEeY76jL00tUbGueMjSpG5L5lOElVd2DSh66FM53TLYkNBkqsHo3GqUyfZEjyGoWYmnZzUbVXONUxrtUJOakK0xlOahu5ahYiNPQ0uw04IRSCxKlTrUCg1OgpjJlqQLSRjipRSZSGFaTbUpphpXKSIWGKruetWJDVaQ9alsdiFzULNTpDgVF2rNsqIdTS45oApwFZs0EApcU7HFGKQxoHNSCm0ooEPFSLUQNSLQBMozUqrUadKmWgB6rUmykSpRQMiK01l4NTEZphXimBTkFV3Wr7JmoXjqkZsz3WoyKuyR1CyVqmZSRBil7U8rTSMVSM2CtirET8iqn8QqaN8GqEakUlXIpeBWTG/NWonwKAsbEUvNXIpax45OKtxy81LZpFGqktS+aKz1l4p3m1NzWxpLIDTw1Z8cp9asB8qeeoxScgsbGkW63OoRmTmNOWrc1C8zhIz8i8AVn2EDQ2ChfvN1psqSk4rmqzub0ojZLjaOtQmXd1NMaJ1fk1IsS45rmudKQpmUYA61DLclR1q0LVGXNUri05wpoGVpLxs4zQJ2I61C9syvx1qZIiBzQKw0uSaC5XGDUjAIvNVXlUt1ouFkWpHUxEMoORXBatGftJCjrXalgYiM1hXdpvbzHPAqkzOUTknRx1FIcAj6Vq3qc7ccVnTQrt71rFnO0QiQMWGelb/hDXZNI1ARSZMcjAc+/Fc2qBWJ5p7zsVyP4ea0UtSGj6EtpllhSVPusKtIwxxXK+CtSGoeHoT3i4P511CkDp35rdMyaJweKaaQHPFIcUxWGsajZuKV24quz0FWGSNVSZqkkeqc7mpZSRBO3Ws2d+DVqaTrWZPJwahstIqXD1lzPzVueTisq4fms2aJEbyfNUfmHNQu/zU3fUspFtXqdHOBWej81ZR6ykikaEb81aR+Kzo2zVyNuKzaGX4mJFX4hkA1Qt8kVpQLkiqjEGy3CnSrASkiXgVYVK2jExkyuUpjpxVspUbIcVookXKDpVZ0NaToc1C8daKIrmYU5ppXFXmi5phhq+UVysoqxCKTyTU0SYxTSE2W4hxVyMcVVjFXIx0qrEMlQVJnFNFDHFAhS2BVeSSnO/BqnLJQAksgwaKpTS8Gii4WPPmUioW4rQeP2qpJGcdK5djptcqMeaAaVlINIBmqUieUcDTw1MC08LVKYnAXPpSbc08LTwh9KtSFykG2gR1Z8v2pRH7VaZLRAI6UR5qyEpwSi4rFZYqlVKmCU8IKOYXKMUYFOFO200g0my1EGNRs1OPvUZqXIpRInNV371YeoXFS2OxVcU3FTMvNNxUNhYYBS4xTjSZqWMO1NNKTTC1CGOzQDUe4UbqdhNkwNTLVZTyKsIadiblhOlTrVdTUymkNE61KtQrUy0mUh2BTSKfTgtCGQ7KjePNXNlMdapEMzpE5quy1oypzVd09q1RkykUqJ1q2y1XkzVozZXI70KeaUnjFLGhJpkk8Rq5F0qGGH2q/DDgdKTLSHR5q1HnNIkXHSpxHUstBup27igpSbD6VLNUPSQ5q5afPcxJn7zDP0rPxg1oaNFLc6miRqWxj8Kzk2kUkup3qyxRQBj0VaoyX8cjcEVl+INdttLh+zPIvmAZI6/yrhH8aI16I0xtzgnBrmkmzeLijvprjEhJPFEN2k7YH6VlR6jHcW6EEE45pUnjto3fcB1NYO5t0NsT7Y+oqjNcncc1wt/4qmt5m2vkA9MVNYeOLd123AAP0NaKLaM/aJHYLcBj6095wByKyLXXdMuANsqgkZPWtJDBcpmKVW/Gk4spTTKtzdZGKyZ7zyj2rUubfg4NY1xbZHIqNSg/tUEdRTRc+dznPtVQ2mTgCljt3iqkyZIfcHfwVrNmjYvhTx71qSRvsyaz5QCfvYNaRZjJFCSPaTmqDAqxIrSnJ71Qc881qjFno3wwnP2W6tiRt5b37V6IjfKv0ryv4ZyEXN4vbH+FelLLwOe1dMDJovhqQuaqiX3pGl96dwsSyOMVVeQUySXjrVV5fehsaHyOOeaoTS0SzdeaozS+9ZtlJCTS9eazZpetPnm681nSy8nmouWiK4k57Vl3D81PcS89azpnyetJlkTvzTQ5qKRvmpEakBaRuasI54qmjVMrc8VnJFo0Ymq/CM1lwHJFa1uKlRE2aVspFa1uvSs23rWt+1axiZtl6NeBVhV4qOMDAqwq5FbKJm2R7c0myrAUYpdoNaKJDZRaOoXi+taRiz2phhz2q0ibmZ5PHekMPsa0jDjtTfK9qdguZphPpTkhq+Yvak8qiwrkKpirCDFJsPapFXHWmAuaRjmnU1utJgVpTwaoTvgGr0x4NZdy2AaQ0U55etFVbh+DRU3GZrwc1TkgODW68HPSqsluNtQ4myOfkhwaj8vFak0HPSqxix2rJ6FpFUJTwlTeX7U4R+1IqxGqVIsdSrH7VIsdUmS0ReXSbOatBPal2D0rRMhorBKeEqbZ7UbadxWIglO24qTbijFTcaRHtpjACpTUb0uYvlIW5qIipWNRMaVx2InqJqlaon6UrisRGmGnmomNIQhNITSZpKQhGPFRMTUhqNqaAbupwOajPWnrVIzbJ0qwlVkzxVhKYiyg4qYCoEJqynNSUiRAasIKbGnFWEQUmWhqrmpQlPWP0qUJgdKEJkWzionWrRFRsmapEspOvFQOlXmjNQNHWiZnJme6VXkjzWiYqjeAZq0zO5mCHJqeKHBq15FPSHHaquJDoo8DpVuJeOlMiXAAq0i0jRIeicVMFFIi8VMF9qRSQwKKCmRUoX2pQmaTLRTeOq0/iRtCgkSzX/SXGM46VreX8p4zWA0Nta30l1eqr85UNzWFR8pSVzlrsarqcpmmMsjN1yagj0e7hPmMhFdbc+JbONNkTxr/sqoGKhj1ZLhgnmBs/3hXO5M1jBdx2kXEuxY2zmtXUEnWA9cEU/Q9Oa51FQFwv0rovEFrHBBtXHT0rB3OiK0PIb+2keRuuTWeLCVj8uM/WuxvrTdtK9SaxL7NnIVC7nAzgVrCT2RjOCIrfTb6Nd6jj2ar6XmpWGGBfb9aq2fiVYYlEkYbsQK0Tq8cpxwyH+Fu1W2+pEUX7DxO0zCOYHJ9a2xIs0eeK5cwWs4EkICyewq/ZSSKoUsfzrGRtFs1ljXPao5o+OKRJOetEspxUmjRSkSXPLcVRnUKc5qxc3JJ281RnYlc1rEwkV5ZAetUZeTU8retVnPfNaxMZHcfDxfLe5f14/lXerNXCeCv3WnPJ3YnmuqW4rpgzPc1RPxTGnqh9opjXHvTYWLklxxVOa5xUEtxVGa45pMpImlueetUZrjrzUEtwcmqclxwazYySaf3qhLNz1psspNU5HJNSUJLJlutU5JOadIeaqyMaAuMd8mlRuahJNOVuaAuWlapo5OcVTD1IjfNU2KTNi3YcVrQMMCsO2bpWrbtVRiJs27dq1oG4FYdu9a1u/A5rVIzbNmFuBVtDxWfbtxzV2M5rRIhky81KFzUaCrCirRDECUeX7VKop4FOxJWMWe1Bh4q2FGOaXaDTsK5QMNMMVaBjFMaIUWAoeXijZVsxgUwp7UWAgK4FROKtMKryikNFCY9ayrk9a1JR1rKue9SykZFy3WimXXU0VmVc2HiFU5IeOlbMsWD0qlLGapopMxJo+vFUnTrWzLF1rPkTBNZSRrFlPy6esdSgVIqZqLFkax1IEqUJTgtNAyHZSbMVNto21aM2Q7aNoqYrx0pu32qhERFMIxU7LxUL1DKRExxULtT3NQuahljGbmoyaRzzTM1ICnmom6U4mmMadwZE1RNTnNQk0Ei0U3NKOlAhDUTVI3SomNNEsb3qRRTMVMoqkZMlRelWFXFRRjpVpFzimK5JGmatRR5NNiSrkUdSWmOjTirKRinRQ5FWkhpMpMiRMVIE4qdYsVII/ahAymUppSrxiFMaIelUiGyg6cVA0daDR+1RNH7VaMpFAw00w1eMZ9Kbsx1FUmKxS8kDtRsx2q5tpNg9KdxpFdUqwi0BBmrEaUzRAi8VMqZp6R+1TpFzQMhEdTLFntU6Q1OkWOcUCuVDDsRjivPfFX2ie4EMUTMpHO0V6oLcyAJjlqlm8N2sMZldAzlec1z13Y1pq54JHoN5vjZSQCeciu9t9FR7K3XaRKAOQOtdK2jWaPgruJ5wD0rZ0rTIg4mZcIvQGuZzudMYW3H6Ppw0/T0aRcvgc4xWZqn+kbucgV093IGhKjAArkLp2RyPWs5msWZZsAwHGarHRIVEsjoWdxjOK27ZlL4YZHpWoI1KAKoqYtoJJM8wTwrbR3nmkORuJ2hau3HhaG7kEiBkI7Yr0RI4j8rRLkd8Uj2St90AVo53M+RJnnX/CM3EGPKYn8K1bTR5xHlwQfpXXJZKpBYmpZRGExxWY0jkzabOxrOu2K5FdPc7BkcYrEvEjZW9aC+hzU0m5j2qq8pVcmrdyqqxqokBuZguflrROxhJXKskoK5yB9TQlvPOBsgkYHuFNdRHZabZwiS6jDYHc1Xm8YpD+6sraIRj/YqlOwKlc3NFiNnp0ccgKMeeRWp5/NZOn67HqlqA6BZB6Cp/N55rrhJNGM4cpoG45qNrj3qkZeaieX3ptk2Lcs+e9UpZuetRPLx1qvI+e9S2UOeWqcjnNOZjULc1KQETuSahck96lZajK1aiZtkDLnvULpV0R5pphzT5RcxnOlR7MVotB7VG0Ix0pcocxUxTk+9UjR4pAnNLlKUi7A2MVqW8nNY8fGKv255ppDub1s/Ste3bGDWBbPWvbyDA5qxM3YHHFX4TWPbyDitKCSrRLNKPmrKjiqkLZFW4zxVohkiingU1aeKoli4FLtFAFPApkDdoppSpttBFFhlUpioyKtFajZaTAqMtVpRVyQYFVJe9SMzphwayLrvWxN3rJuu9SxpmJdDJNFLc9TRWbKOslFUZuavy1RmOOa0ZaM6YcGs2cYrTmbINZdw2SRWUjREC8tVmNarJ1q5H0qbFi4xSECiRsCmBs0WBskAp2Kapp4NUkQ2JimkVLTTTsTcibpVSY1cfFZ9y+KlopSKzk5NQO2KHkqvJJxWbRdxWkpheq7S800y+9TYLk5c+tMZ6hMnvTTJSHcc7ZqMmml/SkyaaEOzRu4pmaM0xXFLVHnJoLU3NNEMf3qaOoAasxCqRnJlhBVyJScVXjXir0A6UyC1DHmr8MfFQwrV+FQRUtlolij4q0kdNjTAq0oFSVcaseKeEp9LTFcjMdMaKrHWkYUyWykYqjaKrpWmFapMzZSMdRtHVxlqNlp3GikUwaNtTMKZTTKQwLzViJeaaq5FWIlqkWkTRpk1YSKiFO9XEiqkAxI6spH7U9I6nRKqxLEgCRzozVPfXYmJRKy9WnFpHGw71Tt70SgMCc1w4h+8dVFF+O3T+LAPXNYV/4gMN6YYJPlTg1f1OSQ6ZMYyd+3jFeQXR1SG9kuEzIpblec1zo6G7Hd3vim4DcMQKl0rWLfUHKzyjd71wbpe3kYTYysay49G1e3vQUMmAQS3NVyp9TN1Hc9cULFfKFYFWPFdBCqhQfUV55pl/I13a24O5x1zzXocRxEu7rjis7G17iuoDZoMwjWq9xPtIFUZ7wAdaAsX3vBis25vCCeapTX4xxWTcXjMxwaAsXLq9PPNYtze5PWknlJU5NZE8pLU0iZOxJPJ5jUKTAuQCT1psI3kV0dha2728vmjonFNkLU52PzdWmEBk+XuDWpc+HoLO14AJx2rBtLaeDVHlQnBbj867C3dri0feMkA/yqW9DWC1MbToxbRhwMEtitky1nsAhiU+5P60pnrppbGNbcumXionk96qmcnioy+e9bMxJzJmmFs1DvNOBJqQFJppGadtJpwQmqSIbIdtIUzVgQk0vkmtUjJsriOniLjpVlYM1KIapoi5ntDmoHh61qmGoZIcZpWAyXiqExEGtN4qgMfNS0NMrIhBFXoeDUflgVNGMUjRF6Fua0YHxWZEMGrkZp3KNu2m6c1rW8uRXOWzkVsWsnSrTJaNyCTgVejfIFZML9KvxPjFUiGjQRuKeDVeNxUymrJZMp4qRaiU8VItMlkgpCKUGhiMUCImFQsalZqqyNSYyOVqpytU0r1TlepGVZm4NZN0c5rQmfg1mzmkwMq5oouOc0VFikzqJZPeqE0gI61JLJz1qlK/BqmaIrzP1rOmOcmrMzHBqjIxrNo0QqcGrKMAKpq1Sq3FKxRI70xWphbJoU00JllWp+agVqduq0jNsm3immSoS9MLjPWnYi5LI4Hes24k5NTTSe9Zs8vJ5qWguRyP1qnJJxUjPkVXkUt0qXEfMQPJzTQxJqQQn0qVLc46VDiVzEIzQatC3pTBx0qXEakUjmkq4Yfao2jx2qbFXK2aQtUjJiomFIYwtSA5oIpF61SM2SoeauRVUQc1ciFO5my7EOlaMC9KoRDitCDoKLiNCICrkJxVOKrcfSkUi6jcVZU5qmh4qZHpFFkGng1XD08NTEyYUEU1WpxPFMhjCKaaUmmk0EjGAqJxUpqNqY0VnHBqI1M/eq7nFO5SJFbmrkHNZqyYNXreQZFUnqapGtCvFXE6VRhk6VcRua0RLLQ7VMvSq6Gp0OapEMw/FmU0yNwOh5rD0qdnQZHArqPENuZ9EkQDLJzXF6LPlACcdM1w4ha3OqhI7GzQSnax+Ujmub1+z0/R53uVO4ueVq9ea5DpdqW3DcRgVxF/c3etXg5JjJzWMUbSdzfhmhl077SAm4Djmq2mapHeStBIqgMcE1Klgw08R5VePWsB7O4sJSYzk9cinoTZ7nfWGk6dbTCZBl+ufStWaRWTKkV51Z+IXtyEnfmt+11hLmPh6mS7Gilfc0LuXk1h3Vzyeas3F3nIzWJd3AGaysW2Dzk96rvPjJOKzprwgnBqo92zZANWkZOZcuL0HIBqpu3nmoFDOcmp1G2rsTe5atRhge1abTP9mIj5JOOKyYpMV0mgNFOGVlDEVMkaQJdP0wC08yQYJHerdvCsEMmTwQa2V2zQCJkCKO9Y2rXMVtGYYSCcdahRuaNqKMC5cfan54HSoN+KaxJZmPWm4NdkFZHHN3dxS9JuJo21IqZq7iETJqwiEmlhgyavw23PShK5LZDHBntVpLf2q5Dbe1XIrQntWkUZtmYLTPaniz9q2ktPapPsntWiRk2YX2XHak8jHat02ntUL22O1UyTGMNQvDnpWvJAfSqzREdqkDIki9qrtFz0rWlT2qu8XtSZaM8QknpUyRYqwIvanrFUMtDEjFTKuDTlTFPC1DZokOjODWlbyYxzWcBVmIkYpxkDRuwS5xzWhDJWFBIa0YZDitUzNmxHJzVpZPesmKQ5q0knvWlzNmislSq9ZwlwamSXNVcll4OPWkZuKrhx60NJxRcQ52461Ukalkk461Vkk460XGJI3vVOVvenSyjHWqU0vvSHYilcc81nztzUsknB5qjNJ70gK85GDRVeeTg0VNgubMkvPWqrycdajeUE9ageTipbN0E0gwaz5H5PNSSy1TaTOai5oiUSY704S+9UzJzQJKBl4SVIrZqgslWEkqkjOTLQanFqgD0F60Rk2SlhURcc0xpMA1WeSnYhsSeXk81Sclqmb5qWKEsaLBcriEt2qUW2e1aMVvx/8AWq0lqPT9KLBcx1tCT0qZLQ+lbK2n+cVKtrj/APVSaGmYwtPYUNajHQVtm3Hp+lMa3H+RUNGiMB7b2qvLBjtXQSW4H/6qozQ9azaNEYMkXJ4qq6EVsSw4qo8XNZtFGWyGlVKttFnigQmhEtESJyKuxL0pixGrEcZpmbRYiFXohjFVI1xVyOkKxdjPSrKGqaNxVhWoKsW0epQ/vVNXxT/MpAXBJ71Ir1RWQVIJKCWXlb3pxkx3qosg9aDJ71Rmyz5lNL1W8wDvSGUetBJYMgqNpKgLj1ppf0ploe7ZzVaU+9PMnFVpWoLiIGw1W4ZMEc1n7qmik5FCNkbkUvTmr8Up9axIZRV+KU1rFktGuknSrKOOOazI5cjmrUcgrW5DRfKieJ426MvevKVkNjrE8OcKjkAV6iknIPbGMV5/4wsktdVinUYD8nj3rnrxurlQdjktV1KS6vCjZ8tTyK09OSWRQYo5AuODjFZ08Ia9DIvUir17f6raIsZ3JDgY2EiuRbHXDe7N5bS9li8tyin13Vny6VdRt/x9x49GYn+lYTeIHi4dzn/eqF9QkvDiJHkY9MVXKb8ysWr+wuFZnKI4HdTVO2vp7SQEMQvQjNWIrDVVQyyEwJ6HJ/wqNNOkJLFtxPtSaSMWuxuxXpuYs+1Zt7PgYzU9qhjUqeorOulZpCOtZW1C+hTYlzS/ZzwasR27YzinsdvGKohobGgUUkhApd3GagdstmmhMfvqSyvriymLISAfQ1XHNPWMk1VkyVJo6u2vr65hzuIX61DNCzNliSfetfTrMrp8Qx1FPe0HPH6VtGmiJVGznDB1pnlnNbclsBn/AAqm8GDn+lO1gTKQjqaOEk9KmWGrUMXIpFCQQH0rTgtyccUQRcgYrSghrSKIkJBbewq9FBjtUkUeCKtpHWyRk2RLBx0p4g9qtpH8oqQRVSM2Z5h9qgkh46CtYx1BJHxQIxpIfYVRliPPFbsicVQnTFKwGHLHg1XKc1pzR5NVXTaahlorBPal2e1Ske1GKybNUMC+1Ltp+KWoNEhgHNTxCo8VLGRQDLcNXoWwKoxMKsq+BWiZjIvo4FTrKBWcslSCWtUzJmkJRUiy+9Zqy8VIstWiLmkJvegzcdaoCT3oMpx1ouNFh5s96pyy8nmopZ8VSluBk80XKJZZ/eqUk2e9Qyz/AOc1TkuP85pXGTySiqM0oprzVUmlyaZLEmkz3oqpI+aKVxGi8vvUDzcdarNMSOtQtLWDZ2qJJJLnPNVmkPNNeTmoWk4NK42PMhzQJKrlzSBzVIlsurJzUySVnq/NTo5rSJk2aIelL1VSWlL5qzNkjvweagY5pC1Kg3NTJZLFHnqK0beEY6VDCnStCFQDQIlihGOlWkhHpSIKsJTGhBGAelTCMEdKAKkUVLKSIjEPSo3iGat4prqMUmjRGdLEKoTRDmtaZflqjImRUNFIx5YfaqckPPStqSLNV2g56Vm0WjH+zjPSniAelaXke1HkgdqVgM3yTnoaekZ9K0PIHpSGHFKxNiFE4qReKeExSEYpMdh4aniQ1VLY70hlx3qQsXRL707zves/z/emm4oBo0xMM9amWUYrGW45q0lxx1oIaNMTACmmXPeqXncUwzH1qjJov+b6mmmUetUfO9TR5vvQBeMnvSeZ71S86lE1A0WjJxULyZqMy8GoHk96TNIkjPzT0kwRVNpaFloTNUbMMtX4peetYMdxgVehuMitYsGjdilHrV2KXpWFDNV+KbpzWqZm0bSSjArD8XWputNEyjJj9Kvxy8daS6xcWM0X95T/ACpTV4iWjOBtIo5LxFf7u3rVi4ma1uNsqh4u2fSoJVa1YDHIbB+lVtTnkCZxuBFeds7HZCdkXXk0GYb2thuHbNMbW7OziK2lqqt2rjJ9QljYjaR+FRwXssh55q0DrLsdOk1xqNwHuZSFz90dK34Y4Y7XbtHTqTXNaezHGRWq8x8rGcVnJ3KUrq5Vml2TsB0yarspeTOKjlc+acnvVqAg1L0JTB8JHxVGU5FaMwGO1ZdzKoOBQhSIGJpnU01nyaASRxW6WhjcsRrmrcEeZF9yKhtoyeTV+CPMyf7wqL6mltD0S1twLOIY/hFJJb+xrQgixbR/7gpJI+K7Fsc73MOa3HPFUJYAK35YuDWfLEO4ptDTMtYQe1WYYORxUyxD0q1FFx0pcpdwgi5FakEeOtQQx47VfiXiriQyeNBnpVlE9qbEnSrSJVoyYInFSbBinKvFP21RDISgqvInFXStV5V4oJZnyJVKaMVoyjg1SmHFBSMqdMGqMo56VpTis+bjNZSLSIDTGNBbFMJzWMjRDs0ZpKAOag1QuacrEGmE4pN1AMuRy4qYS56Vnh6lWT3qosykjQWSnCT3rP8AO96cJfetUznkaHnYpwnrOM3PWk8/3q7kGoLj3FI1zx1rM8/3qN7oDvSuNMuy3Ge9UZZxnqKrS3XHWqM1170XKRaluOOoqlLce4qnNdHHWqT3XvRcovyXPPUVE1xnuKoefnvSeZmi5LLZkB7iiqoaii4iyWNMZiaeRTWWsD0GiBjUZqdkqMrTJZFikxzUu2k21cTOTEUVMtMAp4BrRGTHgkU7JpoBpTV3ICp4ASaiVSSKuQIc0XFYtxDpV+IciqsS1diXpRcLFlBVhBUSLmp0HNO40hw4NSrTNpzTxxSKHChhxSimswAoZaKsgyKrMtWpDVdjzUMorulQsMCrEjVXdgahlIjpMClxS7TUlDNtBWn4NBBNAEJFRMOtWSpqBxjNSwKMhOTUJbFTTHk1VY1DLSFMmKiMlIabtoRLJEck1ZVyO9V0jwasADFOxDRMshxyaQvTR0ppFMhod5nPWjzPeoiDimE4oJsWRNS+ZVUPQXpCSLRk461C8nvUJkqJ3oNIolMvNAl5qr5lHmelBojQSWrkMx6ZrHSQ1ahk5q0xm9DNxV2OfpzWHFLxVuObpWiZDNxLjpzVhJ845rFSY8VYEp25B561VybGbrcflTscfK4rMR4jHtcjPvW3qoWezYsfmAyK4a5vBEw7nOK5KkLvQ0U7bmhqGjQTRl1xms+w02MEgY4NOXVj5ZU9PrVBb945CVOM+9SosOZHWQQxRIOlUb65VW2qaxm1NxH945qo18zEknJ+tLkK9poabzgmpYbkqetYq3JY+9T/AGjAFNwJVTU1JrwkYyaoSMXbrUXm7u9J5g9aFGwnK44ctg1ehgJI4qrapvfJroLeEbRmpnKxdONxscIVRVi2jPnL9aUqBUsHEorOL1NmtD021G+ziJ/uilkSmaY2/TIm9qnfkV3p3Rxy3KMsec1Qlh61quOtU5VyTVIEUPKxViJeKXZUqLgUxksa8VchFVo8dKtwjmmiWXIhVtRxVaLrVtelWjNjwOKdxijjFJTJGtVeQ8VYY1VkPFBJVlqjOQBVyZhis64agpFK5bFZk71buZBWXcSCsmaRI3fmmh6rPJzTBKAe9YM1SNAMKdmqaSj1qYSD1qSyRjTN1IWqNmoAk3gUhmx3qs0lQNNimZzReM3vThcCswz0CaqUjmkaZnFMNx71nmc4qKSc4NPmINI3QHeonuveslrkjvUTXXvRzDNKS5GOtUpZsnrVRrgmozKTTTGiSWQkdarE5pWbNR5qkUOzxTlNR5p60xMlBooWigC/ikIqXApCKwuei0QkVGVqwRxUL1S1IloREUmKcaaa1ijnkxQOamRc1GozirMS81oZtiiOnCLNTIntUyx5qWwRAkPIq1FGQelPSKp0jxU8xdh0SVdiXioEFWF4oUhWLCdKmSoEIxUgerTAnoqLeaQy471VwJy2BUEsoHeoZLjAPNUJbrrzSbHctPMM9agaUZ61QkuveoxcZ71DZSLzyZqPOahWTPepA2alstD161IBTFp4NSULto280oNLQBGy1Um4zVxzVKdutJgZ83U1WqxKetQqPmrMsTZmnCPNPApapIljQMU7NGKaetMQ8Ggmo80uaCWhSc1E9SZqJuaCbEZbFM8ylbioiaQWHGQ1E0maRmphyaRSFyTS5xTeRRzQUSB8VPFJzVUA1IgIamguacbkirkbHis+AHIrQiFaIlssxuasCQ7T9KqrxTw1UJDr3dJaSAddhrzC5lfzmQnkMa9RQhztPTvWNrHheGQGZMBm54rKcrajceY4EzkDGaj80561o3ukS27crVBrd17UlJGTi0xpmYjFIGYmgIVPNOxTJuPRsU8y+9QbSakjhZhU3GiUSMat28LyNntTYLccZrVtbfmolI2hG5PZwhSK2o1AWq1vAAAauYA4rnk7s64KyGMKkh4I9TTTUkQpIprQ9A8OzeZpioeo4rRZSDzXOaDdrANrHqBXSLIkhQKw3NwPrXdTlpY4prqV5B1qo+K0J7aWPh15HORWe53Z+voa2SZmpIjxSjimkgelKGGPSgu6J4+oq3H1qlGeatxnmmiWX4jVtTwKoRGratwKtGbLA6UHpTVbims1MkazYFUpZOKnleqMr4BpBYhml4rOnlqWeX3rOnlFIpIqXEnJrMuJODVueQc1lzyDBrOTNIorSzYqDzzmmTtUG7msWaJGgk/vVmOYHvWQsuKlSbjrUlGsZR61E0vWqQn96RpSaYEzS1A0pNMaTNRFqQpEnmHNODmq5anB6DFwJi5xUDucGnFuKhc8GmQ4FaWUg1EZPelm71XzzVE2Jw+e9LuqAGnA1SGkSE0hPFJSGqQCg8U9TUVSJTEycHiikBooA1sUGlpCa5z0SNjULVKxFQsR61pEymyNjTc0MeaBWqOZk0Yq5EOaqxCrsQqmSToKsItQxirKCs2ykh6ipAKRRTwKzbNEhVODUoaoelG6kpDsWQ9HnYqqZMd6iacCtFImxoednvUD3ODjNUmugO9Ubi75PNUpEsuXF3jPzVmS3uM81SuLs881ly3RJPPehsDZN1u70+OfJ61hJcZq5by5pXKRvRSZqyj1kQy+9XopPlqTRGgr8dKeDVRJM1MslAyyKCaiEnFIZB60rgLI+AaoTv1qWWXrzVKV81NxkTHJpFHNJmlFCFceKWmilq0hNgajY81IaiaiwrjSaUGmE0A0WHckpMUDNSBSe1FhXKrpUJQ1eKe1N8nJ9KOUkoGM5pwiNaAtsipY7Wlyhcy/INL5BFbQsyR0/Sj7F7fpRyj5jIWH2qRYDnNaoshTxakdqFELlSCHGDWhHHxTkgwOlThMCtEhXISlNK4qfAPSm4LsEj+Z2OAB607EtkSHa4ycCr1yMwIccYzVu08O3MkiecrDPJBXoKhv4zDI0I/gOBXLX0RvSdzmr2FZSdwH5VgXVmozgD8q6mZOTWPcx9a54yZrKCZys8BUniodlbk0G7Peqv2TLdD+VbKehzunqUYot3ar0NvxxVqC0AHIrQht1Xmpcy40yrBaNxlRWnbwqnWlwQPlFSxLuOTxWTmbRjYlVcGpQM80gAoPAqTRCHrT061GOtWIk3Gmhs0bVyHXBPSt+2keWWGLccsRyDWPZ24HXr2ro9CthNqKtjiMZ+hrfD3c7HPXajTbZ0rWrGKNVlaMgckjdn86lAhRFSaON/8Aa8sAmnscjJ7UyRQ6cYzXuciPAc2Qy6fpsp5hwT3FU5fDqEbrefd/ssKtxTvC5Eqblq8iwSrleD7VDpopVpI5x9IvYT/qt30qSOyvBy1u34V0So6HKs341YWRiMHJ981m6ZssQznVhlTlo2FSo2eBW8Yi5yGB9vWoZLBJM7l2N6gVPKUq5ll9vWms3erM1hND93Lr24qjJlD8wKn0NI0UrjJWrPuHwDVqRs8jpWfcNnOKTNEjPuHPNZ00nFW7hs5APNZNw5GahspIgnk61nTNwamlk681Rmfg81nJmiRBIc1ATzT3b3qAnmsjQduFHm7RVZ3IqJpTQBeExJ61IHJ71mJIc1ajc0CuW80mc9qaDTsUgCkpaKBWDPFMfoafTG6GmJopzDOaqE4NXpRwaouKaMmgDU8GoAakU1SJJc0ZpMilHNWgFxmpFpoFSKKZLHrRTlFFAGjuxTWemFqjZ/eudHosV3qEvzSM/vUJf3rWBhNkpYUKahBz3qRDWpgy5EauRniqMRq1G3FJiL0Z5qzH1qpGeatRnms2zVItKKdimqeKeKzbNEhjVExxU7AelQP0rNsqxXkkIqrJNippTzVCbOKpMmwyW4OOtUJ7hsdakmbiqErHNaIyZDNMxzVNmJNWJKrsOTVkjkbkVehfBFZ68GrUbAUmNGrFLzV2KbArHjkx3q1HKcdam5ojWSapVm96y1mx3p4n96TZSNTzx60xp89DWcZs96kjcnvU8wFhpCahY5qTbkU0p7UILkXenLQUINGCK0SIbHiikFONWhNiGoW61KaheiwrkTHmlU81EzfN1qRCM0WGWVFTIKiXpUy0JAG3JqVIge1CjJq1Eg9KpIm4JbjHSrMVsD2qWJfarkSe1UkJsgS17Yp5s89jWjHGOOKtCEHoKdhXMM2eO1IbXHatxrcZ6E1E1uCcAZPtS5RXsYxgIpDHjrmt6PR7iY/6sqvqa17Lw9bRbHmzI47c4rSNMzlWSOc0rw/NqkwyjLF64p2pudN8QR6LpNpvYqDNKwzt5x7V6VZxR28JEaBUC9BXHwIsusX12y5ZjtVvz/xrOs+SIUX7SdjRsYRb2+wZaQ/eY/yrjNbTbeyZ65rsixUMT94dPyrjdZJe8ZicnNeZOTlqz04wUdjBmXIqjJb7+1ajrmoggz0rK5pYyPsQ3cik+xxg8itaRAOcVWkUUXE0UmhVegpoGOgqwy0gTmi4gQe1WI4/aiKPJq2iYpNjSImUKucVVMhL4q7IpIqsIvmzimUIisTV+2U7hxTIYvatC3g43UmDNC1TOOOeMV1+j2v2a2ZyMO5rE0myMrKzDKjFdUONqqOBXrYCj1Z5ePr3XKhzN2oHDdKYakXkDNemeUMmTeOBUcbNEeKsNmomXvQIspdZ61ZWRXXggVmquRTXWUH5SalxuUmaoRxyGqTewxurKivJIuJDV+G7imGCRms5RsO5bVwyjAqOa2jmTLoPwpVC9jTt23oazaLjJowLzRWOXt2P0Nc/eQXEOfNiYfQV6CcNTWjV/lkVWHuBUtG0azW55LcSEZ4P4ise5kxnnrXrmp6Jpt1EVNuFkPQgkf1ryzxFpVxo10yyxN5BJ2uOaxlFo6adVMwpZcZqjLJmnzOcnnIPeqjPXPI6tLCM1Rs1IWpuQaB3GO3FVnbmp26VWk60EtjlarUb9KoBjViJvWmSmaCtUoNVUbpU6mlYsmBopgNPFIAppHFOzRQBWkXg1RkXrWjKOKpyL1qkRJFMjBpy0rLz0pQKpGVhyipFFNQVKBVITFA4qRRSKKkVaokVaKeFooGBeonaojJUbSZrFI7WxzPURf3pkjVCWrSKMZMsiSpEkqgGOasRkmtEYtmjE+RV6I5FZ0I4rQh6UmgTL0fWrcdU4zVlDWTNol1DxUgNVVepBJWTNkSsRUEh4pWkqJ5MikUVpetU5ulWpG5qrL0ppGcjPmXNUZV5rRlGTVSRa3ic8mZ0gIqIirroTULRU7E3K+OalWk2YNPC8VDKRInWpw3HFQJUy9Khs0Q/cacGNMqVFzUNmiRImTV2CMmoYos4rTt4cCs+aw2hyQ8U7yj6Vcji4FSGE0+clozWi9qjMftWk0JzULQmqVUzaKJTFMIq40VV3TFbRnchohaoH6Gpn4FVZWwK0uCK7n5qkjbpVOSTDGnQyZIouUaivirCEkVRjbJq7F0qkIuRrk5q5GuMVVi6Vdi6iqSEy1COlaESjjHNUkO3HFatjZXF04ESEA9TiqSM5SSJY1AAyMVcihaTARCfpWtZeH412mVizDqMVtx2kcCALhQKtRMZVrHPQ6RM/wA0rhF/2etX4NOt7cbgik+9aMsyrwBuqKOJppNzdBWqikjnlUcmMETz8NhYx2pAN0mF+VV7etTXE4UbE7VCjGQjH41aM5FsPhPYjFcyieReTxEfxFq6EZb5fSsnV4/LK3I6Hg1zYiHNE6sJPlmU5pgVb1rl9RXc5NbbSrlsnrWRefMxxXit9D3LdTFcY4qHIBzVqaPBqlKCKgoV+RVaQVICcimPzQKxUfOTxQmc9Knx7UAc9KAsPhDZFXcYqKIcVL1pMpDGGaREyakCFjwKswWjk5xTBoSFACBitfTrJrqcRIM9ye1Fjpj3EoUV11jYJZQBEGJD1rtw2GlN3ZxYnEqCsia2tI7eEIMbh1qylIeO3PenJ0Ne3GKirI8OTc5XYwigE5p2M0mMGmId1o28UL1p1ADQMU7r1ooouBHLCslU2gkhbcjcfWtDtSlQwGaVwK0N86MA2cVqR3SSIKpPbI/AHNReWYjgUuVMEzWD45zSmTAJPaqEcxAwRTLm4ZQsfc1HIXctJL5shZug4FPvbK11Sza1u41dWGASoJFUxOqKAOo61LHdDrSnTuhxnY8a8XeFLjw/ds6DfavkgjPFcow7+tfSd5awatYS2VwoZXUgN6V4j4g8Mz6HqMlttLRE5Rsdq4Z02j0KNa61OZ2Ek8dKXyj6VprZkCpBZ+1Z8p03MZoeOlVpIO+K33tD6VXltcL0qlEhswzHjtToxV54Pao/KwadhXEQEVOppirUgFQ0WnccDTwaYBThUsodmloApccUgI3HFVJB1q444qtIOtUiZFRl5puKkYc0mKpGTFSplHFRIKmWqRLJFFSKKYtSrTEKBRS0UAZZNMZqCeaiZqhI6WwZqhPWlLc0AZNaRRlJiJ96rcfUVCic5qyic5rVIxbLMZxV2JuKpR1ci6UmgiXY35q0r1SjbmrAaspI6IFpXxTvMFVC+BQHrFo2RZaQVE0maiLe9M3UWLFc81XkapSahc1aRjNkDnIquy5FWiuaaY+K0SOaTKhjzTWhNXRGfSnGLik2JGW0B9KiaIg1rGEVXeGspMuJSCYp44qXy6PLrO5skMUZIq5FGTioo4iWFaUFueKynNI1SJLeKtW3hqK2gxWrBEOOK5JVCrCrDwKf5Jq2sY9KkEdL2hNjOaE+lQNCa1miqF4eKOcLGTJBVGWIgmtySKqU0ddEJmbRiSocnis65yM1uyxjBNZF0g5rrjO5FjFkzvqWCklT5qWPg1aY7GhCcitCIcVmQk9q3NG0661i7W2tIyznuelaxM5aEsRAHIGPU1taXpN5qThbaJsf3yOBXW6X8O4LZFfUZTIwOdiniurhs4bSJYrWJYkHp3rWJzzq9jn9L8LWtiqvOTLOeozxW/DapGuFUKvpUyxqhLY5NIzAdK1SOZzbDckfA7VXkkLHHanNyetMI960UTNgseeTTpZRCu0Um8gVWYl8561VhDB85I9anJCxgDrSIAo6ZJpCpJ9qoTHoT1pJoxPGYm6MKeOF6UwtwR39alxurDi2tUcpe2D2cjKQTGehrMmhbGVOV9K7mSNZkKSKGHqaxbvSNrEwg4PavMxOEad4nr4XFpq0jj5otxJqjLEc4xW/d2jwucg4qmoiLYJGfSvPcJLc9BSi9jG8r2qN05wK6JrONlyKx9RgaAFx0qbD6XKRUjtQqgnkYqWzJuEJx0qKcmK5VRnBoswuiykRAyKnitmaRT61IibYdxHGKfp83m3QUDOOMCkotuyE5JF63tk34bafbPNbVnpvnMARtUd6r2mhAXYvJ5XCnoma6SL94ThAqD0r08Pgr6yPOxOOUfdiJbwx24CRrn1NWKOAuBxQOlerGKirI8qU3J3Y4dDTl6U0dDSpmmSOIoAp+KTGBSAQDml20DmnBaQCGm04imngUAIeKUSAUhwRURGO9OwFjzBTS4PWq3mEcUhc07WDQlMgU1lPdCS7kkXonAq9NOqQF8ZxWWkYhiJbHzAmriJ6E5uySTTkvcHrWdGSyE54z2qIybW61py3M+ax0lpqIjkXpgmrmvaXa6/ppRiPNC5XFcvBL8w5rWtrtlcAMTXNWoXOilWsedzaXJa3DwSqQ6NgfSmNaYPSu2161Etws4UAkc4rFa0yM4rilDlZ6MKnMjnntjjpVSa346V0Ult7VTltie1Fh3Obltvaqj2/PSuiltjnpVSS256UcormIYSO1GwitR7fHaoXgxWbiaRkUcYoAqV48GmYrNxLTAU/tSYpwFTYdxjDioHWrLc1Gy8UWYpMoutRlatSJUJWqSMxEFSgU1FqZVqiWCrTwppyrUgWgQxQaKnWOigDBYVAwq68RqBo6aN2VwnNTJHUiR5qdI6uJjIjSPHaplT2pwSpVStDOwItWEFNEeKlRDSZSRKg5qcDiolXBqUdKzZ0RGtTC1PPSojWLRqh240A03NGaaBscTTGGTSFqUcmtEjnlITbzTxHkU9UzUyx02Y3uyARGneXx0qyI6XyqzbKSKZj9qgkj9q0/LwKhkjHPFYSZrFGWY+elO8rnpVvyuelTJBk5rCUrG6RXht+RxWnBb9OKWOECrsMXFctSbNEiSGHA6VoQR8jio4U5HFaESDiuOU2VYVYxmpBH7VIqc08JQpk2KzR81C8fFXmjqJo+K0UgsZ0kdUpo+OlazoMGqM68GuiDIaMa4QYrGuk61vXC8Vj3S9a64SJcTCnXDdKhU/PirdyhzVUKQenfrXRHUhov2UTXNzFbpy0rbRivofwx4etfD+mwhIlNyQNz45FeX/DPw59sv21O5U+TGMJkd8//WNexyT5PHQ8CuuELo460+iJHkDEkAVGGAX61X82mPNXQoHG5EzyDB5qAtnvUZkzSZNaKNibjieaCc02nAc1QhppApyWxUmBTgBigCPHSnD6U7ikOKQhrZAqA5yamduKhJqhAWxSE8cHNI54FJkU/Ua8itPaR3CkOoHuRXJ6voFxCDNajfgdq7QkMKQhgcKR9DWFShGRvTxM4HnNtqJhHk3aFZPU1BqNwk9swArvruxtrlStxAGU9cCsC78I2lwSba5MJ9CK4p4Fp3R2Rx11ZnK6FhRIp71FqTr/AGjGq4GDz+ddFH4RvbQkxzK+T19asweEvNmWe8lUBTkgd6y+rSctUbvFQUdzEfz7qIQWylmOACO1b2h6MmkxmSbEt03X2rYhhQfuLOHag43EVcgtRCCXOWrvoYWMNWcGIxTnpEZDbtMyvM3H92ruecKML6UwA4pRkGuu9locav1Hr0pwpqnmngc0rjsL0pwNKOnNC4pXAeBSsKBS4oAaoxTwaTpSZoADTH6cVJUbUgIS2BULE81YZM03yjVJgU2LZxmpFDHHNTGLHalVR0p3JsU7ji3VOu9sVj6zepbRqgPO2tW4lxepCBlY+Sa4bUrpr7WSiHKDj+daRQmdDYNu0ozHoT1qosu5mOatykWvh5Exg/8A16yrMl49xrRGbNOOTABFXIZeQfes5DgbanjfGOaVgubilbiIhyCewNZclvhmA4wamgn2kGnu4M2D/FXHWh1O3D1NbGc1t7VVltfatox5FQtDz0rmSO056W168VTktueldJLbgnpVSS2HPFMTZzslv7VUlh68V0E1v1rPlgwDUtDTMGaLB6VSZSD0ranhrOljw1ZSRqmVhTqQjBpwqLBcAKRhTwKRhTsK5Wdc9qiZParLCoyKBESLUyihVp4FAmOVamVRTFFSCgRIoFFKKKAM2SDHaqcsRB4Fb00YHas+eOqsbFBFqwq8UmzBqZBkimiGhFT2qdIvanIlWUj6VVwUSMRZHSpli9qmVKeEpNlKJBs9qNtT7KQrxUlpFZhgGoWIFTykAEVTkfFZs0Q7cKN2ar+aKcrU0KZKakjGTUa81PGOa1RyyLEaj0qZV4qOIZqzGOazbISEC0u01KBRiobNEiPacVE0ZqwaQisJM1iiqE+bpVlIhjpSKmWq0igCuScjeKGpH7VciXFRqBU8eK5ps0Raiq3HxVWLrVxCOK5JFFlRUgFRr0qUUrkiEVE4BFTHkVE/FaRdwsVJVwOKz5+laEp4xWfMeDXXTIZm3ArIuFyTWxNzWbMmSa6oEsxbiPJ6U2zsZL28ito87pGxgVeliyc8Y9a6/wCHmh+bfSahOg8uPPlk/Su+jG7MaslFHeaZYx6HottaRYVgoL47nFaJl3ohBrOvZcl2zTrKYSW/XkV6qppI8aU7yLbSDPFMLk96jINHQ07CZIM5qQUxaeKCR3alFJmloKCndKbQaQCE0maQ000xCMcg1HTscGm9BmmAjc4zTexp5HSmdjQA3oKVsk/hSMRgUu9QcEigCESMuab5cT8sgJp7MgVj1qHzQeFBoEK9jE3KOyH2NOjtIIgOCzepNKp+b5s0udx46UDJg2BgcUmMjmkUU89KBB0pvJpSeKVFIFAxUQ1IFx3pV4pTjGaQg6jgZP6Ugxv2k/iKa0qxIWLYQda5mbUL3Wrp7bS/3VsvDzt0qZSUS4xbOguNVsbUES3Mav6E5rPbxjo6NsMshYdhE3+FR2fhfSo5YTdym9kYncxdtoPPpV82UUNvMBplsiglYyTk4z15Oa53XOhUdAtvEGm3IG25VSez8H9a0eGAZSMHpg1i3Ph3SrmRUeDypfK3NIjNjPtzWWh1Lw7NG0kpubEtyx5ZRVwrKREqNjrs5XjikYccVFb3Ed1brLCwKtzUwz/jWxi1YVF4yajaeNeMjNRXtz5MXy9x2rnrqW52l1zTSIbOjklU8BhVd5cKea5211GVpwjhgferV7cmO2Zt2DVqIcxXnvzHb39ySOFIB/OuT0ZDI5mPV5OPpV3VLjb4bK7jvlJ/HiodFA862jX7vetUrEs3fEEwh0+CPPXAxWfbMViCgdqi8SXIm1FIVJ2qBS27sU6jgVSJZeEmJPwp6vwKoLKWOc1YYkBcnrQSaEUgwPmqzcSbRHKD0fB+lZURx3xVxZVlhaI9T0NZVFdGtKVpG0U56cVEyc1bK4XHeo2TFee9GestVcouvWq7xir7r1qu6ihMGjNmhHNZ1xDwa2ZV61nzr1FJsLGBcRdeKy5U56Vv3CZzWZNGMnipY72Mdk56U0Dmrc0fXFV8YNZsdwAoIpwFBpCIXWoytWDTSKQyNVp4WlAp4FACKtPCU4DHNOFMQgU0VKMUUgJp4hWdOlb08XFZk8eDWjNTJKVJGnIqV15oRcGpbKSJo1qygGBUMYqwopcxSiSKKeFoUU7pS5ilEQgVHJ0p7HFV5X4qeYrlKlwaoTE1akPWqkpqQtYi3c1Khqs3XNOVqtGc2XkNToapI/FSpIM1omc7RqQmrCHms6KSrsTVEgRaU07FRowqTNYtmqQEU3HNOzmkOKzkaRQKuDU46VX3c1Ir1xzRsiylSp1qsrZqZCKxki0y7EeauIelZyNVmN+a55RC5pIeBUw6VTR+BUu8YrPlYExbAqrLJQ8lVpJOK1pxaAZK/NUpckGp3fNQMM1204kMqMuc1XeDca0PLyad5PHSuyECHKxT07Rn1O+itFUY3At9K9ShtINMsUsoFC7V5IGPesrwtpq2ls11If3snA/Kr11NnIPWvVw9K2p5GJq3ZSun4wTxUGm3IS5MZPGaSYk571mswjlWRTgivQtoeffU7MBW701kx0rJOomJFlHKnrWtBcJdQBlPasWrGt7kecGpVbNRuGH0NNDEcUgLOaUmoQ2OtO3jHWgY/dRnNRlgOtJuGOtCAloI4qEPjpS76AY/jBqM9KliheZC4XgVFng5GDSTuDVgNR9jUnemkE9qoCNl+UA1CYgG61ZK801hzQBAEXBzzSEBeVWpihNII2FAFXLvIR0FToAgFSCI5yaU7SPpQAK4zTjVeT5W3L6VD9oYA8cUCLZbBqWN6pxTJN947adJcbPujJ9aALnmAUzzMFs9KrQs0nJp0z7I3YUgMPW7i5vr+PSrNmUtnzGB7VrsLfStN8izWM6eiEXDYwWOOf0qp4OsBf6rqVxPkDgKR7k1Prujw6fp6adG5ZDIHz36j/CuGvO7sd1GOlxbJNSmXytP0029qRuSQ/xVcbR9ZkwdsG4j+Pkj9K6QSGCxiCjlYlH8qrtdOk3mEdVrgniOXQ61TbRzF7F4j0WCS9uZLaa2QZaNV5wPwpYbmG4tElkT7RFfjaI+ydq6XUJftPhu78zbgxNx+FZngxFj02GPaMCMbfzNbwbtciVtjA0ffpes3GkyE7VG5B6ZAP8AWuk2Ejrg96yPFMYTxhp0i9WQg/kai1PXoNPmWJ2G4j1r0KLconn1kky9LAHOGbvT/s0QjwwBqnaX8dzEGyDn3qW4vAuEAHNbpWMNClcQRJcblUce1c34m1MRRCNRjJrbvnMcMsoU5I4xXn+vzSPbF3zkN3q0ST6tNvs7NM89T+lXtGZUvFH90Zrmr263S26/3QDWvo8xEV1PnhVP8qu5TQl5cedq8pz0OKvQyFYXPtXOxSmWaRz1LVrvJ5WnoTVJkNE0U53Aepq9NPsZfpWJaMWmijX1zV6/lP2kL2AouFi2twWbrU8dxtbrWZE4cY5z7VOzhUBA+ZaHqgXkd7aziaANTnNYuh3EhhaKVHHcEitRpAa8yorSPWpO8RHOc1A4p7NUDtUGliGXqRVC4FXZD1qlKM0rhYzpVyKoTR81qSLzVKbg0risZE0fWqLLzWrLzmqLryTUsZABQRTyKaRSERmmGpWFMK0gGing00LTglAEgNODVGFp4WgCQGikANFIDoZ4+OlZVxHW/PH14rLnj9q1ZojEaPk0KmatSoBmolWsJM2ihUSp0WmoBU6jiouapDgMUhpe1NJouOwxzmqsrcGrDGqsnQ0h2Ksp4NUpTVyYjFUJWFNESZCx4pFakY5FR5q0YNltXwKcr4qqGp6v71oZs0YZTntV6GUniseJ8HrV6CTnrUsEaiPU6uSBWej+9TrIfWsmjRFvPFITUQk96aZfes2aok3804PVXeCetOD89axlEtMvK1TK9UVk96kWT3rGUSkzQSXB7VZSXFZIk54NWI5TWTgFzXSfjtUvn8VmJN71J5wx1pezHctPNk9qgZ81A0w9aRWLGtoUhNkpOaMUACpQuTxXXCmZthHFmrKQjqRwKIkq2keQR611QWpjN6G5p7M1jn06VDdS4HPWnQyeTAEB61VvJsgKa9ekvdPDrO8isxZjkGq08TbSzLVgPsbI5FWvkmhwcZrZ7GCRW01t9s8MmCe2am0y6a2u2t5SAhPFVvKNtdBgcLUd4+HEi8sOazkrmkWdcclRjp1FQHIeodMvVurNHLcjg1PIcNntWbVjQOppUXdKqk96FO4ZFKhRJA7gkD0qZbDjubqaZC8Qy3OOxFU7rTDEuYskd81HDrUQQgxupHrWjaanFMmJMA+hFcnNNO502g0YD/IccA980+KMysAMbe5rXuLKzupDtYBiOOtVL6yNlaYjbk9/Stfa30Zm6fUinum2iGDaFHBPeqoPHXJ71AodSRn8aa0+wfMMVtGNjFyuXOCetJzzzVdJQTuU9aQTHJHeqETnFO+UdTULNS8mgCbco6UpK1ReRlfA5oW6UMAxFAFthkVXmU+WcdanWRHHBo2hvpQBTVmBAOD9aDEM5bp7VZMALZ7UFVPBNAFKe3MwHl/L9KiRZY22sM/WtHYQRgYp4C4O4c+tFxWK8ZUL70SRlw/oUP50jZV844q1CBIhb2xihsaQ3wF8tvdRNjzFIz+tT+JoSpZ+dwAYH1waytHuv7C8QSpLxDcEYY9OCf8AGuz1KxTULQ7cFsfKfWvPqq0j0KbvCxRa8T7AJ5W2xLECcda45vHNo2pGExSmDO1Xx1PftWjNePYJJpupQsIpgQJQMhfTpXMjwvZWE6Xh1A3CbiyQhT/hWE4QlZnRRaV+dnaatPEmivsf/WJtVTnJyKu+F7Qw2SMeAq7Rn/PvWLptnfeI7tbi5ha3tIvuI2Bu/Kuk1XUbXQtLY7gHCkqvcmtXbZGC0dzlPE9ylx4vg2HP2SP58dOQf8a4HxHcG4vHmwThjitefVEjeaaZx9puW5B6he36Cquo2iz2BljANd9GPKjhrS5pGRpuuyQSbS+BVy/8UmIq24GubeBlkJHGKzbuQyEqTnFat2IUT0Kz8Vw3dt5TlcVg+IJ1uLGRkHG7r+dctYzGOYc4Fbl7K0mkOAPfNTcaiY09z/pi8jAUVtW0xt/D0jE/NK3+FcgkrSy+pPC+9b1/NttIIAegyR71SZTViWxLSPGoPzMea09XlMWy2BHyjJ9ag8PW4YtPIPlQZzVS8uftOoSSDkZIFUmQ0b2hxGS6809FXmq091599KR0BxWlar/Z2hNMfvyDH6VdsvCkV7pH2qKX944LDBPNKc1EUYOTKGnwyz4MaNtBwW7V0t3aWmkaVvuW3zzLujHbHvj6ik8IWj/2Xf2Ey4nQkru64zVy4ubM6LAbuHzZ0XyFGOhH/wCquaVa70OiFLlV2WfD2prrGntC8arcRj+AYzxTncAkdGXg1B4MRbS0u7+aPy2A6N9DUdxcxyy+bGwKvzxWFRa3Oqi1axMZODUTPUW/PfimM/vWPMdNh0h4qq54qR3yKgdhii4WIJCOtUJzmrUrj1qjOaLisUpOpqo461afvVdutBDISKbipDTcUCG7c00pUh4puaQCBacEpAakU8UAIEp4jFAanBqAAJRTwwopAdVOo5rJuMDNaly3Wse6b3rZlxM+UjJqEEU6U9agyc1zzOmBZQiplNVY6nU8VmaokLU0nNB6UwmgY1zVaY8VK71Umf3oEytO3FUJmq1M3HWqMjdaaMZMYW4pm7mms3HWmA81aZkyYNTlaogaetUQydH5q7buaoKKuwg02OKL8b1OG4qolTbuOtZM0SLHmUxpKi3U0mosWSCSniSq2aUN70OI7lwScUolx3qiZcDrSecPWodMOY0lmqdJ6yUl96nWb3qHTDmNVbjpTzP71lCb3qQTZ70KmVzGiJc1ZjesqOTnrV6J/etVAlyNBTkVZjHSqMb8dauxHPetYohstxCrkY4FVIutX7YAsc84Ga3grtGU3oHn/vApqteMXkyOgpkrlJ9x6Dqaha5864CgfIO/rXsQVkeFOV2yXduUE8dqjiuCsxw2QKbcSeVGz546CsaG7w7N0qyEbVxqMYIVj81RNdJJGzA5xxXI6jdt9pD5OKuabfCQlM9ahl20Oo0a9MFyYmY7X7V1LyBlBXnivOhMYpgw6qa6/T7ppoRz2rNlJmpDLyRVkDcDWSs+yTk81pQyh0BBqLDuIY8dhTg4VuOKkIyKjcEc96TKRPHIyuG3HIORzWncyi804EffHUVixyHPJ5qxBN5cwbPB6+9Zzp31RrCfRlbbyQeoqvMgZDmrl4B9odl6H0qLaDkYrSLdtTJrUyXMqMPKz704XJXlgc1fkjOOBWfLA4bvirTJaD7XxlmNTRXsb4ALVVSVVl2OgwRxmkM7wOAE2jrkUxF15EIbGd1ZFw7I2Qx61pwXaTttYZ9aWexgkQnJB9qAM611Uo+1icDiti3vUdMg1zd7pMqHfHIxz2qFJLmAYKnAo3Fdo7MzhlGDSBtxyK5uC/Y4BUity1kMiA5pWKTLm4d6QkEYFRtnv1p6YAyamxQhj38UALHkA4qRjsUMKpyzh3OVpAF9Zx6ihBwsq/cb0/zxTdM8VXWjt9l1JGeMcB89qnjh3kHt3qaWGOVDHKoZMYwaipBSRcJuJen1uw1DyjC8bg9VZAahdLCB47ieWKHG7ooHf0rCn8N6dM2VEkf/AFy4qBfDenWyMWe4k/66MD/SsPqxv7dGvL40hs4BBaMbqYkkEDAFcP4i1qc7rm/kLXBHyRg8CtHVNQttJttloiKx6leteaalcSXd35rksfetY0VHUznVctiCbUJ5rgyvI3Xpmus8OaotyrW0xJDDjNcZJHnoKWyvZLSdWUn5T0rWLMnE2tTBtbmWFuDzisUxElmPeuq1S1/tuzjvrbmRR8wHNctcM8OQwwR1GKctRxKWfKlJ7Crw1EPbPCT/AA1kzTfNyfzqrbSM1xLk/Lg4rO9jVK5Z0xN9wCeitWjlru8CDpnAqhbOIUYjqa6Dw7Z+ZKJm5CnJzWkGTNaGtcyrpWiiJcB3HNZ2hWJurxWYZU1HrFz9svxEvKg4xXV6LbrpelmeUDOMjNaGRT8R3IVY7OM4AHauv8Hyu/hItEd0sBOQfSvNLm4a8vnc5PPFdj4P1qLSop4JVJEoI/Ssa1PmRdKXKz0HR47S9IvIgqysu2RQP8+lY2o3dlpE9yk0AkdJCyDA9TWJa3c1pNLLbSuiuxO0Hin2tm2q3M15fzMIV5JNYqly6s19pzKyKd9q13eRSKjtHF3C8A1oLaT2mkwzSrgMePpWg9tDL4QnW2UFo0PzDr0qRAdQ8Ehw2TDnP1BpVJpx0LpRalqYyzcdaDLnvWYtyGAPTHH408T+9cSZ6Ni60nvVd5PeoWmqFpPelcLDpHyaqSvkU95Peq0jU0xNETNzUTetKTzTSaq5m0NPNNp1FMgaRxTMU802kAzvT80mBTgM0gFBpwNJilC0APBooAooA6a5brWRcHmtGds1QmGa0bLiZsnOar96tyjGarEc1zyZ0wJI6sKMiq8dWFPFZ3NUKagdsVKTVeQ80XBkEj8VUlfNSTNgVSkeqIkxkrZqpJ3p7uc1ExzVIyZERxTBwakao+9MgkFTxioFqzGOBRcEidEq1GMcVFGvFWUWi5SQ9RUgHFIop9TcY0im4NPoxQMjIxTGbFPaoXNAMaz1HupjtzUYJzTRHMWQ+DUqy1TDU9Xp2FzF1XzUyNVFXqZHpWGpGjE4z1q7HIBgVkLJjmrUUuaaQNmzFJmr0L8isaKTkVfgkORWiRLZsxvitG0O5pgD/wAsyaxoXycH0rQsblBI6d2TFawXvGVV+6RXm4ow9RVGFtkW3oR3rUlQkHNZNyDG/sa9eOx4b3G3M5ZfL7daxZ2MbZHQ1oPKpye/SqN2u5QaoaM+9iMsBZetZ1pctBMPUHmtW2lHzRN3rIvofJnLDoahmsdjpVl82MSA8EVuaPebTt5rjtPuT5JiJ6CtexuTFKvNQK1jrbiVgMir+nXRdAGOKyVmEsQB9KjjnMM2AeKTQrnZJyvWmMoxyaqWd35iDntVpmyGaosWiJyI2BB4xQLheeearyt8hBPNZM9yY5CMmqSFzG+s29eTmnocHqK56K9yo+Y1fhuckZahoOY1jzUci57UkThhwc1YAGKnYDFubY8nb9KjWQSKscoww4zW1IoYdKz7m1Vx0wexFUmFio9o8Tbo+lT2srBSGBz6moVM1uwy24VZiuYHO1hhqBDpFDgZ6msyaIpKR1FbfljaCOR2qrPEpJJFCBlW2ghb7y81opCqKPLyKoRsEarf2jstDBaFlEcnkUSEqMVGLsquCRmoWZ5G4NKxVySSc7QoPNPgi3nLCo4oFLAk81oxIFFIAVQqnFMZgFyTTmbGaoXd2kURyeRRYCWe6WMZGKwNS1R8OFwKp6lqjE/K2K527v3YElquwrmfql7K8rDrWUiO7ZI5q8R58nvVlbMqmQKVhplKO1VuCKz9RsDDh0PNbZIi61Su5llRgal6ItMg0HXZdPuNpI8okblPpXfQR6Hqdt5xVA56gmvJZkKScHHNaNhfTBDGjnP1qVIbj2Oj17SNHKthghHcGuBmSG3MoibcN2K0NWluzkSMwFYrKfKIyc5yaynJXNYLQ0LGMzlRiuwUpp2kMw4ZhwK5vQk5XPtWpqc5ublLdT8uK3p7GcybQrJr27WQjPOSa3vE16ttaraIecdqXQ4UsbFpm4IFc7fTSX+os3VcmtDIdp8RJ3Eda2baI+Zg9c8VDa2/lxg4rVtIwWBxVImTLjt5dkR3x1rU8MA6hpmo2b8kr8v61jXz7YCvrVnwhfpYagzzMQjx8j8qzqq5VN2Og8Jv9osbyxyOQevuKXw2oh07UdPmkUBWbGT14FYMN9Lp9/JLZA4fjAFTJpWqXrm5aZbeNzlmJxXM6empuqupzM0hgu54m42SHA9qBde9SeKbUWOoq6SrIroAWX1x/wDWrFW4rzqi5ZWPVpvmjc1/tOe9HnZrNWUmpRIfWkUWXeomamF803dmqRLYpNN6mlHNLtqjNsZRmlK00imQBNMJoY4phagCSnKOKiDU4MaQEwxTxUAapFagCUUUgNFAG3K3NUpjVmU1SlanKRqkVJTyar9TU0hyaiA5rCTOiKHoKnWolqVelQaIa1VJWxVpzxVKbrTBlOY8VSfrVyXmqbjmqRlIhZaYVqfGaTZVEFYrzTdlWjFSCLnpRcViFUNWo1NCx+1Wo4jnpSuNRHxLVmNKbGlWEWi5VgC0u2nhaUrUjsREYppqRhTCKaYrEbdKrSYqy/AqpLTuSytIcZqDzMGnynFQMeauJlIlD09XqsDTwaqxFy0r9KmD1UU08NRYdy2smBVmObpWaG7VKj4NANm3DMMitGGYAiueimxV6G4GO1UiWzo4pd/sO5q9YB2uWcjEZIC+9c5Bc5BHr0+tdLpheQRhhxGv610UY80tDnrztGxok5BrLu1UozHqK03ZVRiM5Nc/qFyFfZng9a9NHmGeWyTn1ocqyFajdweRVSWcqSR1qhorygxzbh0qO4QTRlu9SySCRO1RI4B21DNImN/aBtbpUb7mea6S2uFKq4OVPSsXUNN81t6g81J4fimvLj7F90qRWUnZmlju7OfdbjccGlnJOGB5qJoBa7I8k4HJNBlUE9OlMxZradeFV2k1uJNuj61xttKVlzmt63uRtwDQlcd7FqYnFZtyhYE1pY8xM55qrMyqpU8mqRLMk7k/CrMd8q4Lde9VrsySPwMfhVXaUwWoFc6S11ZA4wtbUc5mUMtcTFOiNgVuWF8uApapaKTOgJ+aggEcjNVy+5Ny8moWugh5NSkymySWLJ4FVZLZHcnODVhrgOnyMDVZrgFyvFVZk3HJ50Cf6wle1SeesnBP1qk0pU7e1PAD9eB7UWsF7j7iJQuVrOMkqSfITWmF2juRTDb5YuB+dAalVFY/M7fhVm38wthBxTRayOwwOK1LW2ZeBmk2hx1JraEhQW61YOBTlChOM5FQyyBVJNQtSype3Qhhds9K4bU9XLsa6G6ifVrj7LHKEPOOM5qhL8P75+BeR56/6v8A+vQ5qO41By2ORku2lJyaqS/MSBXXt8O7/q1/Eo/65/8A16ktfh7cAbmv0/79f/XpOvG4/Ys5SytCWBJxWwGhQhMZroZvA9zDDlLpX9vLx/WuO1i1vdJctMn7sdwppqtFidOSJdR09biMmIgGual0+5jcg8irkesjPX9aspqsTjBxn61V0xWZy95CyHkc1TjmaGRXHY1019Gtwm5f0rFayyehqHE1T01NGGaLUgFlXL44zWNqWl3GnlpJhiOQ4FbujWBS9jkIOBW/4vsTqel2ygYKsOn0NYVVY1panD6LKEidv7vStDT42ub1WPrVK2s3sw8Tj6Vs6IgFyGOcLzXTSd4mNTRmzq1wLewWAHkis7SrQk+Ye/NQ6hMbu/CjlRxxW3aKI4QvoK1SMW7EhXGAK1dOhO3PastAzyCuhs49lozMcd6psjqYutSYn2A8d6k0jTLnUpVWCPIHc0tjpz61qrscpbRHLOemK6ptWisYxaaYqkLwZOv8qxnJvRG0YJK7J/s1h4fTMwWe4/hUjpWJq13cajE2+VlBxiNTx1qTaZ3MkhLMe5qQW4OMDHHaiNPuTKp0RyupWRk0aYBfmjO4f5/GuRinO1fXGK9Mngy5jOcOCD+VeYXkTWV9cQN/yzchc+mTXJjKa3R24Sq3oy6kvTmphLxzWWkvTmpxJkda4UjvbLwkzUitmqSvVhDVJENllalUZqFDxU6daqxLF20hjqQGncYoJKjRmoGjOa0SB2qBwc0AVAhpwSp9tG3mkAwLTgpqRRzTwBQBGFNFTgCigC28mRVOVuKUy1C7ZrNs6lEhbrQtNc01WrNmqROCBS78VDuo3Uih7tkVVk5NSs3FQsc0CZVkHNVnXmrbioHXmqRDVyELTwtOVaeEp3DlI9opVTnpUyx5qVIRRcaiQrF7VZWM+lSJEKsJFU3HYiSM9xUyJUgjwKXGKLhYQKKYw61JTWouFiJhUTVKaiemiWiGQ1Vm6VYlPFVJTxTIkVZeTUDCp3qFq0iYyIx1p4NIFpyrVkD1qQU1RUgFIAHWpBxzTQKWgQ/zcU9LgiqrZpM4HWmmS2b+lM11exxLzjk16Hp0Pl27uej8VwXgqLz9Qkbuq/4V6RMot7eOMema9LC2tc4cRLWxnXUoUEA1zd6plkZh2rVu5iXYCs/jac9660cZmElBg1XfB+9Vm7GyTPY1Vc5FDKRUc7Gx2qJ3wQwqWdcjiqhzgis2zSJdiu1cBJOF71BpbSx679pg4QHn86qYcttXknpXU6fpv2XTnaQDzW5FYVanKbxjcv3d480qkqBmq7s2c9qj3O0S7hgqKRCZY+vetIu8bmElaRdtzvPFaNpLsf5mAH1qjpqeZKkSjLNXb22j6Va7ftuN/pk1E6nIVCHNuZsMhfCjJB7gU42xkkJjBcr1xW7cX2j21pItrGokxgZGag0/WLPT7cAxCWaQknA6VHtZPZD9nFbsw59Mu5B+7tnJ+lQp4c1OYYNuyk+pFdJL4rdc+XbAemQKl0PxLcX+qfZpUVVK9cClKpUSvYqMIN2MRfBN+YwzEKfqKs2fhC4R/nuAPxFT+LtWvrPUY44JmWJkH55NZtrqF5Mo3XTbqUXUlqVL2cXZm5dWMekQDdcbmPbrTRoMmoWwkifAPuKy76R5gokkJwO9dZoBD6UuDyDilNyjEIKM2cclhc2+oG184HJx1FaU/h26ghaZ3A4z1FRTKR4kGSfv/wBK6zVU3aW+Ou0UpVZKw40lqefiTPBOSOM+tXIHJwCuc1BHbSuoKxs2PQVet7S54Ijb8q6XNW1Zz8kr6Iu2NsLmby2OK0LzSUtIw28nNN0y0mS6WRlYc1ra0VECZ7muWVRqdkdMafu6mHFFuxhefStfTrZCWEgw3oaj0+1wWlf7g5FWXWe4uRJF8ij9amrUew6cEihfwm3YkAhfWsK/ugsZ5rt57dLi3KS43YrzfxPb3GnzMT80BOAR2q6FS+jJrU7K6Ofub6a3uTNDIVZQeldFo1je6ppi3b6lIpJ6DH+FcNcTli47YOK9K8KKU8Nx/if0qsRZCoXOIvtQvV1Ca0F5MwQ9eP8ACohdX6nP2qYj6ipLuIvq1xLjq1Q3t7HBFgjnpW1OEeW7RnOb5rDZ/Ed7bABbhyw7GtSO/XXdAc3KjoecVw0t2JLgZGcngV2phi0vwkXPyySg4H1Fc1aMehtTb6nmU8TJPIFPAY4/Oo1Z1fJJrU8nzGJx1NL/AGfuHArVRdtCG0Mtbgsu01MqfNgjrTIrNoXq/FDnDEdK1iu5m2T2uUlgiUfM710+u2/l2UAHABGfyrE0eL7Tr0KY+VAWrrdbgWW3Ve+cj8q5cQ9bHXQ2PM9UXZMHHQ06wcRQyvnHBxU+twFByMAVTQGKy2nq1OhLoRWiWdMh81/Mbrk1uIPlI71R0yDyrYMe9Xl5kBHTNdyOOTLlrGN4zWvdOINMY99vFZ9mu6ZRjvUviGfybVYh3FDEUtPvpWtTbRfKjMWcjqfatKFPLRTH8oHUHvWdpMRWHdjqK2Y4/k5pKI3LQlgcdKvx4xVOGMBqu4wtNkEdxAjpuH3hXmPjm0NtrUc4GIpV+ZvfivTi5J2t901h+L9Hj1Pw2TGAbiA5J9sVjXjzROnDy5ZHlKSHNWUc1nxPuGfWrkRzXmWsencvxtxVlDVWLpVmPrQMtIasIaqoanQ0gJgaduqIGnZoJJA1MbmkBpCaAEzSZ5oNJSAevWpBUQpwJoAlFFMBNFAFfzM0m73qIGpBzWB6FhGGajPBqYITTWjIpWGR0Z4pSpFNJxQFxCajY0rGoic0CuDDNRFealpCM0xEYXmpFWlC808CgaFReasLH7UyNeatoKlsoRI/apQtPQDFPAqbiI8cUhFSkU0rTQERFMapShqNlNMRC1QuamZTUDqaaJZXkPJqnJyauOhqu0Rq0jORTcUzFWGiNJ5JqkjNoiC04L7VJ5ZFOCUxcpGFp4U1IFp22i4cowLxQVqZVz2p/lUXIcSoUNRlODn61dMdMMe4kLwcgYoTIaOm8K6bcWumLrkRPliXy3Q/xA5/wrur+TzGz06n/wCtXMG5ksvD9jpzRsnmkFWxw3Wt+9ySxYYwB+Br0sK9Dz8UjCulKLkk5JqkrDI3GtPUSBtX0Gc1kOwLcV3o5Ext9GCmRWPuI4JrbbDRnmsWb5JcnpSLRE5yMVWdSDntVqVdyhhUARppViUZOazlormsV0NHRbJJX86QAheeRW7NNuBGOnQ1Vhh+zWyqBjjk+tRzTNtYA151aXMzshGyNXxBbLbRWsqDCyR5OPqaxLScCYqehGMV1F6y3ugxqOWUYBrhnaSC6xINuD+db0Kiasc9WDvc6jSH+z6rAT03CuzvNNn1bUZGhcAL03DNcGjgxxTLyeD+ldfNqtylpBdWkhx1kxziiqm3oFNq1mX4fCNw67pblATxwtTz+HrbTbNrh7lnZR0Hf9ayW1aaZRIZ+Dzwazbi9llQo07YJz1ojCbd2xOUErJFlsTfNtIHbNP0WQ2+twkdziobOUSSBAC+ByPSnD9xfxzKRtUg9fetpq8dzKPxG541iMkEMwGNh7VhaeCSCCa7DXrf7VoMm3rw2fyrn9IgXyWJ7CsqD91pmteOqZBdnavvXX+GDjSR/v8A+FcVqEhycLwOOtdp4ZI/sdTn+M/0oxHwjoXuYd0f+Kl6/wAYrsL14hp7mQkDaK46fafE2CerA4rr9UXOlSem0c4rmn0N4dTGtNcjtoxHDbZGAN2etWxrhC8QqCa5i0cbcDHHqK0EwUzxmuj2Kauzn9q72R0Fnqz3NwE2BR3qW7iF/KqKfkQ1kWKP9pGzuK2JHWztSMgufeuecOWVkbwneN2RX9wkKrDFjA64qjLfzgAK7KB6GoHbdIW65qCZiik5reFJdTKVRvYgu9cubaXzBMxA6gsan+2WfiGwaJ1UvjkHsfWuX1idJFZQwBrAtNVuNIu2mhw+RjBqp0f5SYVdbSKuv2Euj3bRyA+Q33HB5r0zw78vh6GMDDbTj34rzbVPEN3qqbJ4owAcggVCnjbVbXES7VRfu9azlCco2LjKKdzprvQtXa4mkhjXDNn7x/wrHn8Ga3eE7/KGT3c8fpVZfiFqbAq0gAq1b+MLy6bDXO0HtmmvaWsL3Nwi8LWWir52o3AeRei4zz+NZep6tJrEyxAFbdOAM8VstZHU38x3Z/rUb6R9n/gwPpWkaTveRMqq2RiQ2XNW1sqviNFOKNyoa3sjBu7M9rEk81JHagDGavghulVZdyvkAmmkBo+GbRF11icH92e1dDq9vmEFeorC8LsW1kkqc+Wa3dau0tYjkjPTGa4MR8R30fhOJ1aGKaNo5gAcdcVz10inyyrZUnFat9PJeSdM59Kx5rd7aaOKTpnIrOlK0i6kbxNqIlbeNM9quQ/dFUYG5UH0q8jL90ck16cXdHmyWps6YnmOrgcL1rK1qY3WqqmfkUgYrUt5fsmnuxIBxWTYRfaboysCec5qkSbFoqRwgYq7vXysY5qrgYwWAA7VYi2EgZzTsLS5JaLLI+WyBWmIcA5OTiq4dVXcXWNB1ZjisPU/HWkaXmMSi5mA4Ebgf41nUnGO5rGm5aI2JVkcEKhIHUjjFZ8ms2FhBLFcy75JFwVznP1rgtU8Z6trZeNP9Htu23OSKyoo/K2yM5aTPJauGpjlblR20sHJasz5V2Xco2hELfKo7Cp4SDwKk1WMfbRIf4uajhP5VyqXNqdVrF2M81ZQ1UjbmrCGgC0pqylVEarKHNAE6inYqNfrUo6UCExSEU+gigBm2mleakpeKQDAtPC04YFPGKAGBaKlGKKAMxYyasJF7VNHBVmOH2rBI7myssQpxgBHSrqw+1P8njpVpE8xkyQYqpJHgmtySD2qpNBz0o5Q5jFkGKh71ozwe1VvJwelTYXMQ05RmpViqRYqVi07kG2lAqyYsU3yxnpQUgjHSrSio44zmrccWetIdwRamEdSxw8dKsJBntRyibKoiyKQQ89K0hb+1SLbe1Vyk8xlGA0xrfjpW2LUelBtRjpT5Q5jnZLfA6Gqzw+1dJLa5A4qjLac9KagJsw3h9qhMGe1bT24Haovs4NWoksyPsvPSkNsfStgW1IbaqsIxDbkdqYYiDW01rVd7bFS0BnCOnrGDVkw4o8rFZiI1jFKUqULikPWkQ0QlKk0+z+16lBEAcu4Jx6D/wDVQa6LwTp5udb+0AZWEH+X/wBetKa5mY1Hyq53F1Fa3Nrb26xIfs6j5j1BAxVOeBmXnoeT9a2ns0BLKgUscmq95GsduW9q9ahHlPMrS5zjr1CyyN6VksNpwa35dpLL61i6jCyuCOgrrRzkO7jFZl6m7oKurIT1qvPzSLRSjYbCpNaWk2QBa4YewrJKFHA7k4rsbaAR2MYAxxk1y4iWh0Uo6kUo3xD2rMuFIyB3rSbjNV5EU5BrgOxF7TZfM0tY8/Mjc1FqejG7iFzGh3AdBWbYX32bVBC3+rfivTdEs47i0PmAYIIBqYtqWgThdHnMKSQWWGH51o6Rqgs5DHKN8EnBB7UeJtlsJoIj0c1hWM6yHyyc5r02lKJ5y92R6dp+j6LPCJGuMBjnG7pWkNM8OwAAyBvxzXn9nM0TiIsQK1C/yGsVSb6mjqLsb2ralpVjaONOjQzk4zg1zKt5pYN977xqlPId5J7GnWk/mNgn5icCuiFJRRlKo2zq7jxKZoGtBCNuAuTTbErHA+RjPpWIIZmkXjoeSa2k3Q6bIqDdIRUqCiHO5bmFfb3uWVAxGewq7beIdQtEWKGMCMeq96z1v5oJNsts5PtWlBLDcLkwSL/n605JPRhByWpYhv5Zrv7S0Y80dOK0H1u/mjaFlG08VnxNCqlSsuM+g/xq18uVaONsHuTScI6XGpS1I0gnY4VQKvRwOBgsAR1yabH5jKVGF54xU0cbMRkbm9aV0hJE0DGM5DHNSvIXPzMTUKEqpG3BBqwkDNC0gHAqW0ndlptqxFggVlahdFFbkcCr0twqJubI9xVLUtJDaWb2CQsAMuM03NREotnE6nORIST16CseaQOuc812jafajw/NqV2g3/diB69cVy+j2Iv9XigkAEbnOKr2iaBQ11M4RsVzgmmz26TIMLzXf3Wp6Vp1zJYf2WCVG3zCorkpoA07tGPkY8AUoS5gnHlOYubF1Y7RVUebAQfmBFdtBpwlPzjirbeHraZQCoq3GwlJGFo3iQ267ZCPxrtbW9g1a2wGXP1rm7nwYjKTFgGs+2+16NchWJ2g0K/UTSN+/tHgYkK2PpVBpDjpk10NjqsGpQ7JRg4xzTZ9GQndHjB5pokwY3lPQVbigkk+8KvpZrH2GasW0AZmLcKBVXAboUZttVdyBgRmq2qebqd0452A9quWETNdyDdwwNa0VlFAg+UZPJrz8R8R30PhOZt9HjhXzWHT1riddlafWkVOVTHSvQ9avI4bWSOM8nPSuKTTwjxvJ9+Rs1yOXK7nTy30HwOpxu4IFaUQjA3kjAqpqFotkxuCfkOM8e1Q/wBqWSKC1wFXH92vRw+KpyjucNahNPQv3F2JGEecJUttcCNBHFgA96xJ9ZtGjJhRpSO4GKox61dTHbGiwj+8QDWk8VTgtyIYacmdp5scY8yaUKuMcmsq88Y21qTFZQtJKONxU4rH2vIN00zSH0J4/KoZFjxhQM159XMb6RR3UsvW7KWo6xrOrOfPnMaf3UqpbWMaHc2WJ6lvWr2zJwopWi2DJNefUrTnuzujRhDoMKKqjHAFQvOGk2joKZc3IAKrVWNiTk9aIRKlJbI0NR/exI4/u1UiGMfSrUxLWP41UB+b8K66exyVC3GeasoapIxxVmM1RKLaGrSGqiVaSkBOpqTdUSCn4oAUtSbjRijFADt1GaaFp4WkAoNSKaaFp4WgBQaKAtFAF6OCrKQYFWEgqysHFJROlsqLAcdKf5HFXli4o8qqSIuZrQE9qryW2c8VtiAGmtbZFFkTc5qW0z2qpJa4PSune1HpVKa156UrDuc/5GDTvLx2rQe3IqPYKlo0iynsNAiyatlARTo4cmoaNEyKKAk1djtsVNDD0q/HB0oSBsqxwH0q5Hb1ZjgFWkgFWokORUWAmpltvariw1MsVVYlyKAtqcbfjpWgIfaneVx0ppCuY8lvkdKoy23Xiuhki46VSlhzmqsFznZLY1WaHB6VuyQYzVR4eelA0zL8vFGwelXHTHaoWFFiiq61XdauuKryCpAputR7asMBmm4FZtCK7LioW9auOvFVZBg1NiSLrn6V6L8PrcwWLzuOJiQP8/hXng7/AErv/BepFtPa2YYMWSo9a3ofEc2I+E7KdtrEZrE1a5AQxg/KAauJM8jMzcYHOa5u/lMlwwzxXrwR5MmZ0smJAfWoLthJFhjyKbcMwcAjpUDS5Qlu9bEGc5CNgGoZXK8npTbuXbJkU4Ms8GOM0mWiO0T7TqMa4+UEFq7IsvlBV4AGKwNDgO2WbaeTgcVpmQhiDkYrz8Q9bHbSWlyKYEZqhLIcs2egrQlORWLfuY12jqa52ax1ZnSOTMXUnIPy/WvavDW9PDlsZf8AWlCx/WvH9LtvtGqW0B6NICa91tLYJbIi8KkeB+VZx3N5uyPHvEDTS6hc4BOZD/OoNB06WWYEr0IrvjoCz3czuOGYkfnWrY6Pb2h+UV6cXoeVJas5G5tGtypK849KeJC0Q9RXT6pYrLAzAciuVkTyiRnpVxM2ilcAs2M4rc8L6PDfXWJGJZOVI9axZWUkZ/Oun8PyPbaHeXNum6THyYHJODSrSaiOnDmkRXbuLyS2YY2nnAxxWpCgSBcVLf2rXFra6gUIdlxICMEHJpBjyF96iFTmiaShysvaTZQXFy7SQo+BnkVYgFleSvbfZI1bsVUU7QvlaRmGRt5qxbJBFHLcWwJcZ4NctST5mdEEuU5u4tjbzPH94A1tWdtDPpbMIxuUVnuC5aQ8Mx5FaOjlhI8LH5WFazb5E0ZwtzC6ParJbyM6Lknjim6dEVlmZxwnSrssiWM0MKkfe+am6iyWsEhXrJWClJuxq4pK5juxMjHux4rZtgi2y27n55Bmsa0Hm3aL2HJrSfUIkvB8mSvANa1W3axFO27MO6iMc7I2flJGKNJvFEz2TnMcmRtNWdckjaZpIyPmGa5qCYW+qxXDfdU5Na8vPDUx5rTK3ji9K3UWnxLtijAO0fnXP2M0treRXEXLoemKu+IrpNR1l5owduAM/hS6PILW7jmZN6g8giqjG0LDnL3jqtLv7LxIzwT2YWQLlnwOprnDaLHcSRgDarcV039uQiJxbWYjYjBascRkjJ6k5NKlFphUmmiARqi9KkiYgAdqkKZOKCgUYroOctxTKBzUV1p0OoR8oufYVV+YnAq3bP5Z5PFSxpmBP4fu7WTfCSFFW7a+mgHlTZNdGbwEYOCKrSR28pzjmhDKJzJhk/WpLoeVa4HUirIgEQyKz7y62nBIximINBZpdQO7OADmte9uTyi8Y4FZOiyKJZ5QccYFadtatcPvfkZrzsQ/ePSoL3THGlNcMZJckVzl9KG1mKJfup/9eu+1yVdPsCQQMg4rzOFml1EznoK4Kz91o64XubOoL9o0+WMckDNcNdRAwEbF468V2gkyvX7wxXL30Xk3Lp2Zia4MO3GTR1SSaMmwvfs8hRidp7Zq8/kynfG+3Poax7iMeacVANynhjXW43MFKx0Ky+WuDLn60xrqJerZ/GsAlm6sacp5wOaPZor2zNo6go+4tRvcPN14FUUjbPANXY0PRhzRZILyZA6DrTAMVeMW7jFVrlQjKo607isXNu7TzntzVNVycmtGJC2nsPQVUAGBitqb0MqiBeKnjOKiCmplFaEFmNuKtRnmqScVZRqALiGpM1VRqkDUAT8UoxUIanhqAJQBTwKiBp4JpASAU8AVGDTwaAHgCikBooA6pIxip1iojTIqwq0zZkfl0eXk1Ptp4j5pkkKw0GKrax4FIyUCsZ7w81Smh5rWdSAaqyR5FA0Yk0PNUzDzWxNEcVTMRzUs0RS8mpooOanEZzUsSc1NirkkMHSr0cXSo4UNX4U6U0iWwji56VaSL2p0ac9KtIntV2IuRCKpFixU+z2pwSnYm5CI/anCMVOFoKU0guU5IgVNU5IeK1XTiqsidaY7mRLEMVTliFa8sVUpkwTQUmY0sfBqoy4FacwHPFZ8xwaRSZUc1WkNTyMOapyNUMdxCM0mKC3FN31ImwYgcVXlAJqV2GahZgKLEN2IyMVq6dNNaRCaNiCT+dZIznHUk1vTJ5FhGuO2aylJwd0OMVNam0PF9l/Z7JckxT8Ddg81Xtp45wrwzLMDzXIXax3MRRwM+9c5LHeWLk291NHjptkIH5V2UMdbSRyVsEnqj1O7eONSXVc4rmL683MVj6e1cY+v64PkNzvH+0M/0pg1XVHA+dR/wAf4V2fXoPc5VgpI6nBf73Wmg+UcKawE1PU9mPMU/wDAR/hUD6leOCGkwfUKKTxkGV9Vkj1fSo1g0tdxALHNFx5bHjBP1ry/+0b7ywv2ucAdvMNVnvbw5IvJ/T/WGuOVW7ubqnZHp8o8uIsSMAetc/OTLKfSo9KExskMsrsWX+JiaueUKhzudMKVivbs9rcxzp1jINe06DrMd/oqPkb9nNeOGIjPoQRXoOiWUtpoFsyEgkHPPuaIvUKq0N63mzuAPPNWUfB5rCsbtQCD98HmtXzsjjFelFaHkSepJPIrRsvciuQ1OJYpDt5DHmus2bhuOM4rl9WhlFyznhKuJEjEuACyhRgZwa7SO9i0nQbWC1dGlLBnBGfSuL80FyDzU8Rbdguxz6mrnT5rChPlO6g1pLqylgumUSN9zaKiQHYEwOOmax9Ojyyk8kdzW2q/MM1moKL0L53ItWtxJbghRwwp1vcyWoY4zu7VB0cc1Iud3rUOCL52hxAb5jwT2p8MjQy7l7U3PrSFsUW0sSpPcS5maWXzT1qO6uZpyuTkAdKV5BjGKrSGRuIxg01CKG5Nj0YpyjbJDQHAB3HJ9ajSzl3bpZMtUkoSJDgZqrIltlDULqMr0PSuYvrxVJ5xWzf3ACnCj8q5K+dpXIArSK0IuSRyxyyZ6k1rWsYC9BWFaW771NdJZx7VGTQItALigxk8ipAinrS4Kg80CIyuV96gdWGc1M0qr1qJpUYHBoEV2LJzULXDjpVtgCg4zULQ7qAIvtL7etOF60YzmmPAy81nXUhX5RQUi9PrDMMA1lXN+S4zyTVcw3Er7YwcnpVqz0O/djJIoKikykjb8OxvdB/lIBNdxBCltb5K8AdawvDVr9msN+3MjE5HpzU3iHVJLa18iMEOf8K8ys/ePSor3Ucr4r1Jr24MMZ4GawYIRGjk9avWkDz3O6Xk571b1GwSC3YoecVxzVzqWjMRZTj6Vm6xGXj8xeoqwrkEg+tK+JEKnBzXEo2kdPQ42diWx3qs2c1oahbtDcE9jWe5A+tdSehzyWo3DE4FXrWAg5YU2ztvMGa1obYkb4xyvY0NjUSSO0z0pzW7Idx6VNGJj0ANPIkVfnX8KjqarQZHDuXIFZt5EVmyRwK2rfqSOB6VDqFvuh3ACmhSKVvODbyL7VGq0luhUtkVKBzXTBHPMFWpVSlQVKq1ZAwLzUyqaVVqULxQAig08A05VqQJQAxQaeAakCU8LSAYoO2ngGnBacFoAaKeKULS7aYC0UuKKAO3iHHSrCioY+lWlApmoBeamRKRVqwi8UAMIxTGFTkVG+AKAKzrxVSUdquOaqS9aQ7FCUZFVtnNW5BUIX1pFIjCc1IiU8JzUyJRYGPiTAFXYl6VWQdKuwCqSIZYjTmrSJUUY5q0i81RDY4JTwlPVeKkC07CIdlKVwKl201hxTGiu30qvInWrLVC9IZQlWqE461pS9TWfOeaBoybgYzWVcHrWvdEc1iXTYzSKTKMzYqpI3NPnk561Tkk561I7kpfjFN34qs0nvTDJ70rE3LDvzURlqBpfcVEZOadiWzU09BPeRr2BrT1O752KcgDFU9Bi/dyzNxjoTSXRB3EcmuSq9TopLQyJ3kRt2c1A7+aPepbp8A56+lVYF2nd1qVsS3qM+zCM7iM5pkjhThVrRkkVoiCMVnIodmpoGN3g8VUmAD8GppMhzVd/matImUmG35MmpbK28+7WMdOtNkx5IHf0rZ8NW4a4809BxmrJSudFBAI4UXHQYqURg9qmCn9akVKpI2uVRH86jtuFes2ttH/AGRaheR5fpXmaxZUtjoc16b4ffz9GhJ7DFUkZTOH1aSTStcZf+WcnIPTFb9nMskO8NkVJ4y0gXtis6Kd6HsKxdMnEenkHqK9GhO6szy60bM30uVD4LYFY/iC+i+zsikbsVk3WsBWIyMj3rEvL0ztkmulROZsbFLuY/Wtu0XzceprAgxmum0iAu4wCRxVvREtHS6XaYQE9varkikScVPbRiODnqahmIXmud6s2WiEwCwO6p0A67qpB1J6GplK+9DGTkf7VMI96YxGOM0g59aECJFGTTuR93ikjX3qcJik2MgaTaOnPrWfczFlOK05Ih1PSsjUWiRTtNOOpEjA1GQ5PNYrEFs5qxqNxknFZKs8jgLk/StCDXt1yRitSFitUbC0lZQdrflWuLZwo+U9PSgB6yrjkUrShunFVHRweQfypm8jigVyy0ayd8UgtkVeDn8Kg8wjvR5me9AEhUr9KQttpjSDHWoJJaBjp7gKOBms4rvcsVzz0qVnJPOKliKjrimMlgjWNd4HzY4FaH2qaC0Y7uoqtEFYjPAFQapeRonlhh+dS9hxOk0S7Fto3nSMCxLH/wAeNYt7O2p3LO33QeO9Nsklm0iNRnaSf5mrUNsIysYryqz949akrRRBa2Ijk3Yz+FZPiKTyshTwRXbC0Cxg4rg/FWABggnuPxrCWxqtWcyGJJJp4PvUWcCkLVzOJ1LYralEJ14HIrAe1YS9K6hIjMDjpTTpu6VePxovYlxKenWrKqkKDWt5MivkR/KewqaLTWQqA2K0o0aMBAQ1DkNRM9BC44UrSmKFR97J960ZY0K/NbMKpiOKM58pwPcULYbRTMRMmQKWaMtBg8Vde5gVDgYbtmqU1wrDAI/OhCaM8xBUYiqyjkk1clzkgdKqhTmuiBz1B61KtMVakUe1aGZIgyMk1KOlRgHFOANMCVTUqmoVU08A0ATA5p4qJcinjNAEgNOzUYzS5oAkDUoNR80oNAEwIopnaigDuYzxVpDVKM8VaRhmpTN7FxCKsKRiqaNmpw1MLD3aoHapGNV3PJoBIY54qq5qZ2qq7UXKsRSUwDNKzZ60Jg0xEiqKeBTRxT15oJZLGtXYl4FVoVzV+FeKpIlliJeKtotQRLxVpAaqxmyZBxT8U1RxTgaYDWFQOamdqrSHrQNEbNVeSTGac71TlfmkyhksvFZ88gqxKwxWdcOKVxlK6kHNYd3J1rSunHNYd5J1pNgZ88vzVWeTNJO/NV9xpA2PZ6jZzR1pNhNNEtkbMaRSWIUdTxTzEx4A5PQ1paHprXd7kjMack0paIErs24xDpukrEeZG5rGu75I1OBlj7Vs3MQkuT5n3egrPltrOSQsrDI7GvPk7s7ErROcnZnPmNkAml3vGQAuVI61NrCtsVUTgHtUMBkl25GFUU09DNrUsxwtIpZ+mKoglJpAo4rWDrjb2xWLPIYr5uflY/0qoailoJsZ2ORUbw7GzVhnC/MOlRTzAx571slYxkVmyxA79K7TQbPyLRSRyea5GwhN1qEaDn5hmvRre3EcaJjoKtBAlVMmpkiz2p0UeDVuKP2q0i2yJIMso7EV2vhST/RGgPVSa5mOLOOK3fD7+Rf7T91x+tUkZSZ0d7B51qyGvNWhkt3uLcjHpXq0kW5cHqTXB69AEuyFGD3row7945cQtDg763kRsnPSs1iwPINdy1gk8eWA9KoyaHGTwor0mebc520LSSgAGvQ9AsiIgxXrg1l6ZokKTgsgrtLWKOGPaq4ArOUi4oU5GB6VUumx1q8xz0rKvZPnxURKY2JSWPNW1hJHWqdscnOcVdWRF/5acelOwkL5J9alSA9zTBOhICnNSGZEUszcUrFXJliVQKczIq5JHFY9xrkUfC54rCvvFIAKgn8qFFsLm9qOohQQrCuVv9QLEjdWXPrUkpJ3Gsq4v2ZvvVokkQyeeRpWPNa2kWSNgsOawbQ+bJkniuntHSJBimI6GCJIkHAps0yrWS+qAfKCeKrvqRcc5oEXZ7hSetZ7yndkHiqrzNI3GanhjZsbhQIejhz1pX+VeDSvHsBIGKrGbIwaQxWkYHNRtKaV24qnLNtPWgEicvk9afGSW61nCYk9atRSY+b0oKsW7i8FtASW7Vzk9+95e4QkjIFJqN5JcSmOPPFaGkaTskRpU+ZnFTPYuK1O402MRabAhH8OT+dXbG0aWZnI46iq6ttVEA7AVrRzrbwqo6kY4ryZ6yPUjpEfeOILSWU42qK8d1fUDe3bkHK5r0bxnqP9meFpWYnfIDj8q8lgLGHc3JY5NZy2NIaskPWkPSlHJNCo0jbR3rKx0lmAGOEkEZNTRq23Jfn0oih2gKRk1oLbhIuWBY+1ZSZSTaKX2WWV1YM2PritGG1iUAtuz9aYpVSFZST7GtSJEMQ+X86i5aRVmAaM4fmsqYzK4y2VrTukUcA/lWJdu69zTUtAlELna3PANUZAo5Dc1HNK57mqzSY+8aqJlKxYV92RSqvNRQcqWFTrXRA55j1UVKiU1QKsIBWhmIEpwSpBinDFADVSnhKeoFPAFMCMJTglSACnACgCPZShKl2ilAFAEYSl21LgUYFAEeyipKKAOpic1PG9Z8UlW424rM6WaETVZDcVRjbgVOHNNCJmaoHbk0rPxULNTbGiOQ8VVkbmppG4qnI/NK5Q1mwaVJOarvJSRsSaZLNBWJI9KtRKWqnCMkVowLVIhliGMir0a8VBEvSrka1okQ2TRjip1qJRiphxVEEgPFBPFNB4oJ4oAY7VXkNTPUD96Q0VnqlL1q5JVKU1LGVZelZ1x3q7M3FZ87cmkUZF3nmsW5BOa27gZzWbLFnNJjMOSEk9KaLc+lbH2bJ6VKtnx0ppEmKtvntUy2ee1bCWXPSrSWYx0qhWMRLTIChcseBxXT2lomjacqlQZZRk4/z71PpWlq032iThEFLqDi5uhlCVB+UiuWvUtob04XMW+hl8kTMBkHIGawbq5gJyFKP7V10zLg8Elf4TXNanBbTAIimORj3rkTuzeSaRhCVnmfeSV7U+CRHBQHDg9Klmgns8qUBXHDVDFH5aGTgynrjtVpaGN2mPmyiE96xbsljk9RW6481PlRie5rOurX5uKunoTN3KUEpdCr0MuRinLAUkIFTpEd3StrmLRseErDfcvORwpruI071keH7f7Pp65HLHmt1AMcVokUtBUUA1biSoFxVqEVaQMsRLjFXbZvLuI39DVZB0qwq5xVWM2dzC/mxRuOmBXFeJwUuzxywJFdTos4mtfLzyornvGETC6hlB4INaUH7xhXj7pzcMxwAetXUO4YxzVFCrkDPzZq7FkOFBr0nseXbU07OPJB21qquBVOzQ7Qc1bkkwMd6ykapWRHJKI0Jrnby7ZpTtBrUuiSpJNYsrBWPFXBCkx0c0h5zgfWnrMqjliaoST4XAqlJM2CSauxmmbEmpGI4XH51mXmsOFbc5/A1j3d7tP3qw7q6eQn5uKWhSTZqXOuEcdfxrNe+M7Enis0hmJPWjY54AxSuWolma6wMAmoFdpHz2pFtm6tU6oFGaQ7F61fYBirj6mYk4JzWK05UYFRqXlYUXE0btvetKxY5xV9Jt+BisaImOMDvVu0dmkGKoho6Kztd3zEDFX3WOJCeOBmq0U/lwLuGOKzry+JyAe1ArE1xc5yB0qixyc1Crs5p7AqKRVhssu0YzVGaUE9aLmQ5qmCXagaRaibc3FTTSlISFPNR28eOabP8ANKAOg60xhpsAEhlk65zXR2uqrPIkQQAhhzXOl+Ai9+K2bK3WJYDj5mas5bMqPxI6+G2aZ9ynKqK0bCxaSZpJDlVFSWsZg05VUfO/WrzSJp+nPLJxgfrXlS3PTitDzP4oX4uL6002I5WPLSD24/wrjVXAx2q7fzS6hqtzfyc7yVSq5XFZSOqnGxHjFXbCBpHBA6VVCFuB61u2cDrCNq84rGbsjVK7J7eAJxs3E1Y8hhgGMZoiTyVJOd/pTcXJ/eMrY+lczdzeySLf2RCoLLg49Kp3XnQr8vT2qRL8j5W/WlmnLJnFDGjAkmlV8uTioJ5kdfer9xtkBXFc/eBonIHSnFkyQk7rg47VQlO4ZFSuTt5HWqhbtW0Uc0y9ZkmPb6VcAxVeyiIj3etXNvSumK0OaTFWpVNMVakUVQiQNTwajxUiqaAHqakBqMLTgDTESA04GmAGnBTQA7dShqbilAoAeDS5puKWgBaKTBooA2YX5rQi+7WZBWlEeKhI6mW42wKmD1XXpUy1QkP3UxuTTvwppGamwFaWqMvWr8oqjKvJosMqPToQd1KV5qWFOc1SQmXrcZxWnAtUrdcYrTgWrSM2yxEvIq4g4qGNORVpV4rQzY9RxTwKFFPAoJEFB6UppD0oAieq8nQ1O5qvIeKTKRVc4qjM3Jq5IeKz5jyallIpzNWfOc1dmPFUZOakooyKTmoPJJNXdmTTki5pgU0tuelW1teBxVuO35HFXUg4HFUSZ6WvTip0s9zBQOtaCxADpU0SrGC7VM5WRUVdlO8kSztRCn3j1rKnwirtcBzU95IzXJb7y9qo+ZFNK25Tla82cuZnZBWRWvJ3huYjLg464qrNCss7TFQEI4FJOskheTcSnTJpzyAKnNQO5UaHqPlZfRqih0oXjNu2wsPfrUyyJNeeSw+UnqeK0rtI7WNNoyVPp1p3Ikkzmbuzk04bGOR1FZxh80mRmx7Vs6tMLqYbc9OhrHkBwxFbwdzGVivuUSZx0p1uhlu1QDgmo52woQdTzWlpMY8zzCOe1bRRkdVakLGF9K0Y3G0VjQyYNXY5cVsM01PNXIOazI5AcVo27YxVIll+MdKtxrmqsWCc1eiqrkmjpMvkz1P4otPP07zByUyapQ/K26tOWXzrR435DKaIuzM5q6POpLVw6zRH6itTTwsvB+/SwoEeSNhkBqvQWqrIs0a49a9NSvE8txtIvRAooFEshQEk1MXUIOOaqTbWBJqFqU2ZtzMS3HNZcoldmPQVqXM8UCnCZOK5+81B2JVF2itUZsbK4UHmsq5nwCM0Tzvnk1nTylu9AIhuJNxPNUipZqs+WXOTUiw4oKuV0hFSmLbjAqysXGacEzxiiwXKm046Upt2Za0Y7Utir0NkGIUAZosFznRpkkr4CmtW10Vo1yVrqbLS40UEgE/StNbVMjKDFLQVzjU0eWVwAprasdDS2QvIMHFdGkUEIDbRn6VkazqapGypx9KLiMTU7pI/kU9M1j+ZveoLi4aVySepqSD3plItqdq5qvPddQKdLLhMCs6QsznFJjEeVmJqa2hYnNRRwszcitOFUVOaEAMBGlUJJhuPrVm8mVVIU5qpZ273U64HBoA2tC0xruVWZeMiujurWNdUtIl7Efzq/o1gLSzDlQMDNUY5Vm8SwoT0Gf51nUfumkF7x2sMOIY8duBWD44vGt9MW3jPLH5q1RfKJUjXkJkmuV1a4XVEvgTkxk7fzrypPU9OCOHkh2H5T05qtIMDFaMkYCY/iqlIm5wKyZ1Eum2+6YEjIroI3hiGCQKo2USxx5J5NW1sEk+bca5Ju7N4F1WiYAqRTjLsPzD5PWs6WGSFTtJFZ1xqUsUbJIxwOhqVErmNW48gMSCOea57UNXaGUxqvGfSqct7NJIGjY4+tTGITxZb7/0pNWGm2Sm68yLdkVhXkrGU96sSh4oSN54qgX3Dk81cUZTkyIyseKZbq1zcBF+6DyaRySxVOTWrp9r9nh3fxNyTW8YnLORdVAihR0FOApAacK3RiOAqQCmCnCmBIFqQLUampVNADgKcFpARTgaYDgMU4U0GlBoAdRRQKQC0Yo4HNLkUAL2opM0UAasFaUQ+Wsy2OTWtCvFUkauROg4qVRSRrxU6pxSaGmIq+1BT2qVVpxSiw7lCRKqPFzWk8eTULQ5osJszHhxT4o8HpVt4hSJHg00K5Zt16VpQLVCEYIrRhNWiWy5GvIqyq8VWjbkVbQ5qiB4FB4pRSGgQ0mmMacx4qCR+DQOwyRqgkbilkeq0knFSxohlbFZ878mrUr5rOnfk1LLSK0r5qDqae3JpAuTUjAR5qeKHJ6UsaZxVyKLiqAIYvarSxc0+JMDpVhFBHNUiCu0e0jNZep3mweWtad9KEjOOoBrl7hjLKSTXLWn0N6cRn2mRvpVGeQifYwK564qzvVDg9BVG5kjaV2OcjpXIkdDegz5vJO2UMgP3c8mq3nsz7ZEUelUpLkxTqoUls5xTp5HaRZDGdnciq5SLlmGMfa98xwnUVaubpormEv8ANGx4pkQtpIcxsSxHQ0Ncp5aRzx5K8cUmgKmr7HaOSDGD97b2rBlBj3c4FbzxLArneNrdBnpWFeDjg5raBlMox5ln6VuQHyUGOtZdtFh93tV1pMcV0xRkasU/PWr0U2a56O5wauwXOT1qgOihl5FadvKeK5yCXPOa17aXOOaEwsdBA+TWpByKxLVxxWvAQQOaslmlEpbgDJq/Yx+ZF5b9R0zVTTQXLHGcVon91ICOMmkQzmLqHyNYeAfxLu/n/hV+1jZI8N0qtrf7jWIZz0KgH8zV7crw7lPBFd8H7p51RWkRSbcHBqlNIxBA9KnuXWJMluay2uFd8bhWsUYyZSvS5Yc44rGli4YuSPSty4UE5JrGvmBGFNaEGNcqTyDVVbdm5Oa0iA3BFNbYoxQUVFgxUgjUdaVmGOKQZYgUALtzkCpI4O9Pjiq3HF04pkhDEcYA5rVs7eRAG2ZP0pttCBjIrRjG0YB4qbgPjZw2CPyqcSkDrzVYsF61A7jaTu6UrDDULuREODXI391JM7AnvWnqVyFThs5rBK+Y5Y5osMiVCetWo0JHy8/SiGDd90E5q75awIWJxjmgpFGReOeKgDIp6g0y7u2aQhAKgjV3OSKBl5JlzgYqZ5AkeepqtFDtG4ih1eRtqqaEBXdDO+0HknpXZ+GtB+VZHB6DtVPQdBaaZXdTiu7/AHGnWvUDApNgVdWvIrCzK5A+U964PS79pdXkug2Tjaoz/n1qHxZrj31wLeBgckg4q94S0o/K0gPXOa568rROijG8jpfPNpp2Wb9/MencDNVINOby5mVuGHPvT7xN193IHAH4VLe3a6fZrvYAtxivPtc7tmcpMu4dOmapLzMPlJrSuBiMsOvpUCLsQMR81ZT0OqGpLAskjj5GAHtWk06QR4DDP1ptruaMExnGOtMubWKT1UnvXI9zoTsVbm4lkQsDnFY91HJqMRj+43vWqbZ4Sedy09Fj4YY3UFbnOw6fNZYEnI+lXXKhQy1oXTp/FiufvtQWNii4qXqNaFTUHJBArJyFx81WLi63KxqtaQvPMMj5c1rBHNVkXtPtvMk81hwOlauOMdqbGgiQKBUgGa6oqyOSQgGKcKcFp22qEIKcKUJTwlADQDUiilC08LzQAAUoNOC04IKAGg08UuzFKFoATNJk5p+2gLQAnOKTmpNvFG2gBoop22igDUtR0rZgHFZNmOlbUAyKsq5ZjXirCrTI14FTqMUhpibcUuKkxTcUDuRsgPaomSrJGKhc0mBUdaiAwamc1GOtOIE8R5FXIWwaoK2GAqxG3NWiTTRuatRt71mxPmriPirILgbikLe9ReYMU0yAUgHu/vVaR+DQ71VkkxSKEkc1Vkk680SSmqkkoOam5SQkknvVGVualkkFU5JBmpLEJyaljGahUg1Zi6CgCxGvPSr0KjHSqsfar0OAKYmTonFSFQq0J0qG7mVQBnkUpOyCKuzK1SZR8oPJrFl2ogY96nvHMk3Un0rMunYYBYdelefOXMzrirIbMMyDaeKzLu6jSfy9nXuKkmmct8h5qpIvmMQf9YelVGJEncrGLNzmNgx75rUEUZs2VcEd81TtIVtCzzfNjrU2oAmzdrNvkYdB1p21IvoUUmNrccH93VmS6SQEqRyPSsJZ2yI5M8HnNThgjFlJ21ahcnmYslxtlJYmqdzN5h4ouH3NkVCDlqtRsZuVy1F8qZNRyyc9aRpMDFVJZOa1QImWfB61aguPmHNYplOanhmIPWk2NHVW1x05ratJhxzXI2txyOtblpN05oTGddaSjitm3kzjJwBXK2dx05rbgnyBzVpkM7bQlH2aR+3rV27ACiuN0HxIkOqGwmbbGfyrsLokhW6g1bi1qzHnTdjkfEszBowee9Jpmp+dYlSeVOKTxem2GOUdB1x9a52zuPIiYqTya7qOsTgr6SNTWNQ2jAasKLUGNyBu6mqep3zSScE9afo8BubsEjoR1rosYPU3bq4CxdeorCmmBY1a1m4WKby1J4FYhlJPWmIsvMFGe9VXkMjZBpOXwKtR2wHGKAKyAmrkEPIJqeC1B7VYMSqOKYEC/fIFXrdDtzii2tQ5zitmC0G0AL9aVxFeNHJwPSrMalR8wqyRHERxVC91BYkOBUlJDp5FUVm3F0BGwXvVG41F5M4JFQRzlj83NMQ4WpuJAXPy5q6NPt1X7oz9alt41kVSCBUrWrZ4PFAyKK0t41zgfnWDq8y7yqNxitu8RraEkt+VcwYmurjv170horQ2zSSDFbVrpbOQAOav6Zo5YqcD8a6u00+O3UF1Wgd7nOxeH3MeSK0rLwyqtudf1raN3BG23AFRS69bwnbnn2xS1AtwQQ2EWQAvFcf4q8QLDEyI/JPpVrV/Eam3YqxFea6jftf3RGSRk0ikSachuLmS4fnJ4Jr1HRYBb6aGA5PNeeWsPlQxKMZdh0r1a3iFvpShwBtXJrlxO1jqoPUzgyDdPIeF55rgdf1xtR1qOONv3SNjFaniTWioa2gbHY1ytnp8k92rknGdxrltyq7N03KWh1rDz5AF6Yq3/Z0bosjNgg8rUljbLENzfrRdXYtwSBkV51So5M9SEeValgMqRhV4X0qpclWBUHntWdLqjmRcdDStI8z/AC8e9Q01uXdPYUXBiysh3Cs+5kZXDwPx3pl7ceVuQZZu9YU988DEFjzVIhuzNG5vixwWrBvZ1Lk96guLp95JbrVGSVpWwMmmo3ZE6pKhe4fatdBZW/2eIZHzHmqWmWQiyz1qLXVCCRyyldko5609RUY6U4GrIbJgKWmg07NADhT1pgp60APp69aaDThQA8YpwpgpwNADxThio88U4GgB3FKKbSigB1GKTIpdwoAMUUbhRQBq2fatu26CiirGX07VMOooopDQ+koooKGt0qF6KKTEVHpneiimhsX+IVLGeaKKtEstRMc1bQmiirIJgTimsTRRSYEDk5qpKxyaKKlloqSMeaquTRRUlIrSk1TkJzRRUlodH0q5H0FFFCEy7F1FXoulFFWhFyL7tZV780zZPSiisquwQ3MWXiSsSf57ls0UVwrc7HsUYf8Aj9YdqgQ51bB96KK1MSpqUjm5lXJxirUJMNrHsPXrRRTZDKGvQRxpFIgwzcmqcRPTtRRWiIILjhqjXoKKKtEPcSQnFUpSaKKopFZic1NETkUUVLGjRt2O2ti0duOaKKRRvWTtxzW3AxwOaKK0iQyK/t41i+0gYlB616RYzPN4fSR2y2Ov4UUV1VfgRxQ+NmH4hG/Q3ZuSD/WuKLEQ8UUV0Yf4DDE/EYk7Ey8nvXWeGkXaxxziiiuk5Dn9Ydmv3ye9VIxmiimii7Co+XitCJQZAKKKCWatvEhU8UphTd92iikxI0bGFMdK09iqhwKKKllo53U55FkOGxXHajdzeYRvPWiihAUvPkx96pI55MH5jRRTA0LC6m81RvOM11VsxZVye1FFAjJ1uRs4zxzUGkRo0wJHeiikM7K2RUjGBVbUbmVGYK2BgUUUIcTkr69nDE+YawDdTSXWGkJ/GiiqQxuqSuIcbjVHS41efLDNFFZT3LidHbIDqlon8PmLx+Nd14vuZbfS2ETbRsoorlxO6OjD/CzyNXae8RpCWJPOa7rTLeJIFYKM8UUVx4n4TtwnxGlOSqjFY9380RzRRXnR+I9OexixEm7VT0zXQbRHbllHNFFXVM6ZhX4CvuHU9a5LW2IkyDRRSiKoZLsWUZNX9JjV5PmGaKK2jucsjdBw+O1TCiiuhmT3JBSiiikhDxTxRRTGPFPFFFADx1pwoooAeKWiigBfSnCiigB1FFFAC0UUUAFFFFAH/9k=&quot; style=&quot;width: 100%;&quot; data-filename=&quot;sport1.png&quot;&gt;&lt;br&gt;&lt;/p&gt;&lt;p&gt;မန်စီးတီးအသင်း၏ နည်းပြဖြစ်သူ ဂွါဒီယိုလာက စပါးအသင်း၏ အင်္ဂလန်လက်ရွေးစင်အသင်းခေါင်းဆောင် တိုက်စစ်မှူး ဟာရီကိန်းအား ခေါ်ယူမည်ဟု သတင်းများထွက်ပေါ်နေချိန်တွင် အသင်း၏ တိုက်စစ်မှူး ဂျေးဇူး သည် အသင်းအတွက် အလွန်အရေးပါသည့် ကစားသမားဖြစ်နေဆဲဖြစ်ကြောင်း ပြောကြားခဲ့သည်။&amp;nbsp;&lt;/p&gt;&lt;p&gt;ဂွါဒီယိုလာက ဂါဘရီယဲလ် (ဂျေးဇူး) က ကျွန်တော်တို့အသင်းအတွက် အရမ်းကို အရေးပါတဲ့ကစားသမားပါ။ သူဟာ နေရာမျိုး စုံမှာ ကစားနေပြီး တိုက်စစ်ပိုင်းမှာဖြစ်စေ၊ တောင်ပံမှာဖြစ်စေ ဘယ်မှာပဲ ကစားကစား နေရာယူတာ၊ ဆုံးဖြတ်တာ အရမ်းမှန်ပါတယ်။ မယုံနိုင်စရာကစားသမားတစ်ဦးဆိုတာ သံသ ယဖြစ်ဖွယ်မရှိပါဘူး။ ဒီအသင်းနဲ့အတူ နောက် ထပ် ရာသီပေါင်းများစွာ အရေးပါတဲ့ကစား သမားတစ်ဦးအဖြစ် ဆက်ရှိနေပါလိမ့်မယ်}}ဟု ပြောကြားခဲ့သည်။&lt;/p&gt;&lt;p&gt;ဂျေးဇူးသည် ပြီးခဲ့သည့်ရာသီက မန်စီးတီးအသင်းအတွက် ပြိုင်ပွဲစုံ (၄၂)ပွဲကစားပြီး (၁၄) ဂိုးသွင်းယူပေးခဲ့သည်။&amp;nbsp;&lt;br&gt;&lt;br&gt;&lt;/p&gt;', 1, 2, '0', NULL, '2021-08-27 13:49:05');
INSERT INTO `posts` (`id`, `title`, `photo`, `description`, `user_id`, `category_id`, `is_publish`, `ordering`, `created_at`) VALUES
(3, 'မန်စီးတီးအသင်းနောက်ခံလူ မန်ဒီ အဓမ္မပြုကျင့်မှု၊ လိင်ပိုင်းဆိုင်ရာစော်ကားမှုများဖြင့် စွဲချက်တင်ခံရ', 'save/6128f72f3362e_sport2.jpg', '&lt;p style=&quot;margin-right: 0px; margin-bottom: 1.5em; margin-left: 0px; line-height: 31px;&quot;&gt;ရဲတပ်ဖွဲ့၏ထုတ်ပြန်မှုအရ အသက် (၂၇)နှစ်ရှိပြီဖြစ်သည့် ပြင်သစ်နောက်ခံလူ မန်ဒီသည် အဓမ္မပြုကျင့်မှုစွဲချက်လေးခု၊ လိင်ပိုင်းဆိုင်ရာစော်ကားမှု စွဲချက်တစ်ခုဖြင့် စွဲချက်တင်ခံထားရပြီး ပြီးခဲ့သည့်နှစ် အောက်တိုဘာမှ ယခုနှစ် သြဂုတ်လအတွင်း အသက် (၁၆)နှစ်အထက် တရားလိုသုံးဦးကို ကျူးလွန်သဖြင့် စွဲချက်တင်ခံရခြင်းဖြစ်ကြောင်း သိရသည်။&amp;nbsp;&lt;/p&gt;&lt;p style=&quot;margin-right: 0px; margin-bottom: 1.5em; margin-left: 0px; line-height: 31px;&quot;&gt;၎င်းအား ရဲဌာနတွင် ချုပ်နှောင်ထားပြီး သောကြာနေ့က ချက်စတာတရားရုံး၌ စစ်ဆေးခဲ့ကြောင်း သိရသည်။&amp;nbsp;&lt;/p&gt;', 1, 2, '0', NULL, '2021-08-27 14:31:11'),
(5, 'Glassmorphism CSS Generator', 'save/6129d4a79a2a0_1.jpg', '&lt;p&gt;Examples and usage guidelines for form control styles, layout options, and custom components for creating a wide variety of forms.&lt;/p&gt;&lt;div class=&quot;col-12 col-lg-7&quot; style=&quot;flex-basis: auto; margin-top: var(--bs-gutter-y); max-width: 100%; padding-left: calc(var(--bs-gutter-x)/2); padding-right: calc(var(--bs-gutter-x)/2); width: 732.271px;&quot;&gt;&lt;p class=&quot;lead fw-normal mb-3&quot; style=&quot;line-height: 1.6;&quot;&gt;&lt;span style=&quot;background-color: rgb(255, 255, 255);&quot;&gt;Get started with this free CSS generator based on the&amp;nbsp;&lt;span class=&quot;fw-bold text-highlight&quot; style=&quot;&quot;&gt;glassmorphism&lt;/span&gt;&amp;nbsp;design specifications to quickly design and customize the style properties.&lt;/span&gt;&lt;/p&gt;&lt;p class=&quot;fw-normal&quot; style=&quot;line-height: 1.6;&quot;&gt;&lt;br&gt;&lt;/p&gt;&lt;/div&gt;&lt;div class=&quot;col-12 col-lg-5 d-flex justify-content-lg-end mt-2 mt-lg-0&quot; style=&quot;flex-basis: auto; max-width: 100%; padding-left: calc(var(--bs-gutter-x)/2); padding-right: calc(var(--bs-gutter-x)/2); width: 523.052px;&quot;&gt;&lt;div id=&quot;carbonads&quot; style=&quot;backdrop-filter: blur(13px) !important; border: 1px solid rgb(55, 66, 81) !important; border-radius: 5px !important; box-shadow: rgba(0, 0, 0, 0.1) 0px 1px 4px 1px !important; display: flex !important; margin: 0px !important; max-width: 330px !important; z-index: 100 !important;&quot;&gt;&lt;span style=&quot;margin: initial !important; padding: initial !important; display: block !important; overflow: hidden !important; position: relative !important;&quot;&gt;&lt;span class=&quot;carbon-wrap&quot; style=&quot;margin: initial !important; padding: initial !important; display: flex !important; overflow: hidden !important; position: relative !important;&quot;&gt;&lt;/span&gt;&lt;/span&gt;&lt;/div&gt;&lt;/div&gt;', 1, 1, '0', NULL, '2021-08-28 06:16:07'),
(6, 'ပုံမှန်လေ့ကျင့်ခန်းလုပ်တာဟာ စိတ်ပိုင်းဆိုင်ရာကို ကောင်းကျိုးပေးတဲ့ အချက် (၆) ချက်', 'save/6129f23643443_image-11.png', '&lt;p style=&quot;box-sizing: inherit; margin-right: 0px; margin-bottom: 0px; margin-left: 0px; padding: 0px; border: 0px; font-variant-numeric: inherit; font-variant-east-asian: inherit; font-stretch: inherit; line-height: 1.6em; vertical-align: baseline; grid-column: main-start / main-end;&quot;&gt;1 လေ့ကျင့်ခန်းလုပ်တာဟာ စိတ်ဖိစီးမှုကို ဖြစ်စေတဲ့ ဟော်မုန်းတွေကို လျော့ချပေးပါတယ်။ လေ့ကျင့်ခန်းလုပ်လို့ နှလုံးခုန်နှုန်းမြန်လာတာဟာ neurohormones လို့ခေါ်တဲ့ ဖိစီးမှုတွေကြောင့်ဖြစ်တဲ့အတွေးတွေကို လျော့ချပေးပြီး Mood ကို တိုးတက်လာစေတဲ့ ဟော်မုန်းတစ်မျိုးကို လှုံဆော်ပေးတာကြောင့် &amp;nbsp;စိတ်ဖိစီးမှုကို အများကြီးသက်သာစေပါတယ်။&lt;/p&gt;&lt;p style=&quot;box-sizing: inherit; margin: 4vmin 0px 0px; padding: 0px; border: 0px; font-variant-numeric: inherit; font-variant-east-asian: inherit; font-stretch: inherit; line-height: 1.6em; vertical-align: baseline; grid-column: main-start / main-end;&quot;&gt;2 အဲဒါအပြင် Endorphins လို့ခေါ်တဲ့ လူတွေရဲ့ စိတ်ကို ခံစားမှုကောင်းစေတဲ့ ခန္တာကိုယ်တွင်းက Chemicals ကို တိုးလာစေတယ်။ သဘာဝအတိုင်း စိတ်ဓာတ်တက်ကြွစေတာမျိုးပေ့ါ။ ဒါ့ကြောင့် စိတ်ဓာတ်ကျနေသူတွေကို ဆရာဝန်တွေက ပုံမှန် လေ့ကျင့်ခန်းလုပ်ပေးဖို့ ပြောတာဖြစ်ပါတယ်။&lt;/p&gt;&lt;p style=&quot;box-sizing: inherit; margin: 4vmin 0px 0px; padding: 0px; border: 0px; font-variant-numeric: inherit; font-variant-east-asian: inherit; font-stretch: inherit; line-height: 1.6em; vertical-align: baseline; grid-column: main-start / main-end;&quot;&gt;3 ပုံမှန် ခန္တာကိုယ်လှုပ်ရှားမှုဟာ အတွေးဆိုးတွေနဲ့ စိတ်ညစ်နေတာတွေ မဖြစ်အောင် ကူညီပေးတယ်။ လေ့ကျင့်ခန်းလုပ်နေတုန်းမှာ အဆိုးတွေ ပြသနာတွေ အကြောင်းမတွေးမိဘူး။ ပြီးတော့ အဲဒါတွေကို ပြန်ရင်ဆိုင် ဖြေရှင်းဖို့ အားအင်ရအောင် လှုံဆော်ပေးတယ်။&lt;/p&gt;', 2, 1, '0', NULL, '2021-08-28 08:22:14'),
(7, 'မနက်ခင်းတစ်ခုက ဘဝလမ်းကြောင်းမှာဘယ်လောက်အရေးပါလဲ', 'save/6129f846b0ffb_image-8.png', '&lt;p style=&quot;box-sizing: inherit; margin: 6vmin 0px 0px; padding: 0px; border: 0px; font-variant-numeric: inherit; font-variant-east-asian: inherit; font-stretch: inherit; line-height: 1.6em; vertical-align: baseline; grid-column: main-start / main-end;&quot;&gt;4 ကိုယ့်ကိုကိုယ် ယုံကြည်မှုတိုးတက်လာစေတယ်။&lt;br style=&quot;box-sizing: inherit;&quot;&gt;ပုံမှန် လေ့ကျင့်ခန်းလုပ်နေတာဖြစ်လို့ အဝလွန်တာတွေ၊ အဆီပိုကြောင့် ဝိတ်တတ်လို့ စိတ်ညစ်ရတာတွေ မဖြစ်တော့ဘူး။ ကြွက်သားတွေက ပိုကျစ်လစ်လာပြီး ခန္တာကိုယ်က Fit ဖြစ်နေတယ်။ ကျန်းမာကြံ့ခိုင်တဲ့ ခန္တာကိုယ်ပိုင်ဆိုင်ထားတာကြောင့်စိတ်သွားတိုင်းကိုယ်ပါတယ်။&lt;/p&gt;&lt;p style=&quot;box-sizing: inherit; margin: 4vmin 0px 0px; padding: 0px; border: 0px; font-variant-numeric: inherit; font-variant-east-asian: inherit; font-stretch: inherit; line-height: 1.6em; vertical-align: baseline; grid-column: main-start / main-end;&quot;&gt;5 &amp;nbsp;ကိုယ်ခံအားပိုကောင်းလာတဲ့အတွက်ကြောင့် ဘာပဲလုပ်လုပ် တက်ကြွတယ်။ အားအင်အပြည့်ရှိနေတယ်။ ဘယ်လိုပြသနာပဲ ကြုံကြုံခွန်အားအပြည့်နဲ့ ရင်ဆိုင်နိုင်တာမို့ စိတ်ဖိစီးမှုတွေကို အများကြီးသက်သာစေတယ်။&lt;/p&gt;', 2, 3, '0', NULL, '2021-08-28 08:48:06'),
(24, 'အခြေခံပညာကျောင်းတွေ စာသင်နှစ် တစ်နှစ်အောက်ရတော့မှာလား 😢😢', 'save/612b3fe96b46c_education.jpg', '&lt;p&gt;သြဂုတ်လလယ်မှာ ပြည်တွင်းကူးစက်မှုတွေ ပြန်လည်စတင်လာတဲ့ COVID-19 ကပ်ရောဂါကြောင့် ဇူလိုင်၂၁ ရက်မှာ ပြန်လည်ဖွင့်လှစ်ခဲ့တဲ့ အခြေခံပညာကျောင်းတွေဟာ တစ်ကျော့ပြန် ပြန်ပိတ်ခဲ့ရပါတယ်။ ပြည်တွင်းကူးစက်မှုနှုန်းတွေ ကျဆင်းမှုမရှိသေးတဲ့အတွက် ကျောင်းသားကျောင်းသူတွေရဲ့ စာသင်ကျောင်းအိပ်မက်ကလည်း အလှမ်းဝေးနေဆဲပါ။ စာသင်ကျောင်းတွေ ဘယ်တော့ပြန်ဖွင့်မယ်ဆိုတာကို . . .&lt;/p&gt;&lt;p&gt;သြဂုတ်လလယ်မှာ ပြည်တွင်းကူးစက်မှုတွေ ပြန်လည်စတင်လာတဲ့ COVID-19 ကပ်ရောဂါကြောင့် ဇူလိုင်၂၁ ရက်မှာ ပြန်လည်ဖွင့်လှစ်ခဲ့တဲ့ အခြေခံပညာကျောင်းတွေဟာ တစ်ကျော့ပြန် ပြန်ပိတ်ခဲ့ရပါတယ်။ ပြည်တွင်းကူးစက်မှုနှုန်းတွေ ကျဆင်းမှုမရှိသေးတဲ့အတွက် ကျောင်းသားကျောင်းသူတွေရဲ့ စာသင်ကျောင်းအိပ်မက်ကလည်း အလှမ်းဝေးနေဆဲပါ။ စာသင်ကျောင်းတွေ ဘယ်တော့ပြန်ဖွင့်မယ်ဆိုတာကို . . .&lt;br&gt;&lt;br&gt;&lt;/p&gt;', 1, 4, '0', NULL, '2021-08-29 08:06:01'),
(25, 'Donnie Yen က John Wick 4 ရိုက်ကူးခြင်းမှ ခေတ္တနားလျက် Ip Man And John Wick Burger ကို မြည်းစမ်း', 'save/612b4072cc069_movie.jpg', '&lt;p&gt;အက်ရှင်မင်းသား Donnie Yen သည် Ip Man And John Wick Burger ကို မြည်းစမ်းရန်အတွက် John Wick 4 ရိုက်ကူးခြင်းကို ယာယီရပ်နားထားကြောင်း သိရသည်။&lt;/p&gt;&lt;p&gt;John Wick ၏ အပိုင်း ၄ တွင် သရုပ်ဆောင်သစ်များစွာကို ဖြည့်စွက်ထားရာ ယင်းတို့အနက် စိတ်လှုပ်ရှားဖွယ်အကောင်းဆုံးမှာ Ip Man ဖြစ်သူ Donnie Yen ကိုယ်တိုင်ပင်ဖြစ်သည်။&lt;/p&gt;&lt;p&gt;တစ်ညလုံး ရိုက်ကူးမှု ပြုလုပ်ခဲ့သော်လည်း Donnie Yen သည် John Wick နောက်ထပ်ကားအတွက် ကိုယ်ခံပညာများ၊ အခြားစွဲမက်ဖွယ်များဖြင့် ပေါက်ကွဲပြရန် အသင့်ရှိနေသည်။&lt;br&gt;&lt;br&gt;&lt;br&gt;&lt;/p&gt;', 1, 3, '0', NULL, '2021-08-29 08:08:18'),
(28, 'The Suicide Squad ရုပ်ရှင်ဇာတ်ကားက ပွဲကြိုပြသမှုတွင် စံချိန်တင်အဖြစ် အမေရိကန်ဒေါ်လာ ၄.၁ သန်း ရရှိ', 'save/612b42029d3fd_m3.jpg', '&lt;p&gt;Warner Bros. and DC ကုမ္ပဏီ၏ The Suicide Squad ရုပ်ရှင်ဇာတ်ကားသည် သြဂုတ် ၅ ရက်က ပွဲကြိုပြသမှုတွင် စံချိန်တင်အဖြစ် အမေရိကန်ဒေါ်လာ ၄.၁ သန်းရရှိခဲ့ရာ မြောက်အမေရိက Box Office တွင် ကပ်ရောဂါကာလ ပွဲကြိုပြသမှုများအနက် R-rated ရုပ်ရှင်များတွင် ဝင်ငွေအကောင်းဆုံးဖြစ်ခဲ့သည်။&lt;/p&gt;&lt;p&gt;James Gunn ၏ ရုပ်ရှင်သည် ဖြစ်ပွားနေဆဲ COVID-19 နှင့် ဒယ်လ်တာမျိုးကွဲတို့ ကူးစက်ပျံ့နှံ့မှုကြောင့် ပရိသတ်များအတွက် စိုးရိမ်နေရသည့်အကြား စတင်ပြသမှုကြောင့် ဝေဖန်ခံခဲ့ရသည်။ COVID-19 တစ်ကျော့ပြန် ခေါင်းထောင်ထလာမှုကြောင့် ရုပ်ရှင်ဇာတ်ကားတို့၏ ဝင်ငွေများ Box Office တွင် ပြန်လည်နာလန်ထလာမှု ရပ်တန့်ခဲ့ရသည်။&lt;br&gt;&lt;br&gt;&lt;/p&gt;', 1, 3, '0', NULL, '2021-08-29 08:14:58'),
(29, 'CSS Transforms Transitions and Animations', 'save/612b431b2b1c3_pro.jpg', '&lt;h5 style=&quot;margin: 0 0 var(--content-rhythm) 0;&quot;&gt;&lt;b&gt;CSS Transforms&lt;/b&gt;&lt;/h5&gt;&lt;p style=&quot;margin: 0 0 var(--content-rhythm) 0;&quot;&gt;&lt;br&gt;&lt;/p&gt;&lt;p style=&quot;margin: 0 0 var(--content-rhythm) 0;&quot;&gt;Firstly we are going to start with CSS Transforms. We can apply transform to most. HTML elements. CSS Transforms let rotate, skew, scale, or translate HTML elements. CSS Transforms also use the same cartesian system of SVG graphics. We mentioned above the most useful CSS transforms. We are also going to show you how to apply them to your code. Below we show you a description for all CSS transform properties.&lt;/p&gt;', 1, 5, '0', NULL, '2021-08-29 08:19:39'),
(30, 'Creating HTML DOM elements using JavaScript (vanilla JS and jQuery examples)', 'save/612b438d3a23e_pro2.jpeg', '&lt;p&gt;Javascript has some helpful methods that allow us create HTML elements. This is important in cases where we do not want to hard-code the markup but rather generate them dynamically when certain events happen in the browser. This can be done using vanilla (plain) JavaScript or using the master of browser compatibilty &mdash; jQuery. The aim of this article is not to evaluate which is better between vanilla JS and jQuery but to show you methods for creating DOM elements using both.&lt;/p&gt;&lt;p&gt;Javascript has some helpful methods that allow us create HTML elements. This is important in cases where we do not want to hard-code the markup but rather generate them dynamically when certain events happen in the browser. This can be done using vanilla (plain) JavaScript or using the master of browser compatibilty &mdash; jQuery. The aim of this article is not to evaluate which is better between vanilla JS and jQuery but to show you methods for creating DOM elements using both.&lt;/p&gt;&lt;p&gt;Javascript has some helpful methods that allow us create HTML elements. This is important in cases where we do not want to hard-code the markup but rather generate them dynamically when certain events happen in the browser. This can be done using vanilla (plain) JavaScript or using the master of browser compatibilty &mdash; jQuery. The aim of this article is not to evaluate which is better between vanilla JS and jQuery but to show you methods for creating DOM elements using both.&lt;br&gt;&lt;/p&gt;&lt;p&gt;&lt;br&gt;&lt;/p&gt;', 1, 5, '0', NULL, '2021-08-29 08:21:33'),
(31, 'Creating HTML DOM elements using JavaScript (vanilla JS and jQuery examples)', 'save/612b44101b426_pro2.jpeg', '&lt;p&gt;Javascript has some helpful methods that allow us create HTML elements. This is important in cases where we do not want to hard-code the markup but rather generate them dynamically when certain events happen in the browser. This can be done using vanilla (plain) JavaScript or using the master of browser compatibilty &mdash; jQuery. The aim of this article is not to evaluate which is better between vanilla JS and jQuery but to show you methods for creating DOM elements using both.&lt;/p&gt;&lt;p&gt;Javascript has some helpful methods that allow us create HTML elements. This is important in cases where we do not want to hard-code the markup but rather generate them dynamically when certain events happen in the browser. This can be done using vanilla (plain) JavaScript or using the master of browser compatibilty &mdash; jQuery. The aim of this article is not to evaluate which is better between vanilla JS and jQuery but to show you methods for creating DOM elements using both.&lt;/p&gt;&lt;p&gt;Javascript has some helpful methods that allow us create HTML elements. This is important in cases where we do not want to hard-code the markup but rather generate them dynamically when certain events happen in the browser. This can be done using vanilla (plain) JavaScript or using the master of browser compatibilty &mdash; jQuery. The aim of this article is not to evaluate which is better between vanilla JS and jQuery but to show you methods for creating DOM elements using both.&lt;br&gt;&lt;/p&gt;&lt;p&gt;&lt;br&gt;&lt;/p&gt;', 1, 5, '0', NULL, '2021-08-29 08:23:44'),
(33, 'Creating HTML DOM elements using JavaScript (vanilla JS and jQuery examples)', 'save/61308108528ef_1.jpg', '&lt;p&gt;Javascript has some helpful methods that allow us create HTML elements. This is important in cases where we do not want to hard-code the markup but rather generate them dynamically when certain events happen in the browser. This can be done using vanilla (plain) JavaScript or using the master of browser compatibilty &mdash; jQuery. The aim of this article is not to evaluate which is better between vanilla JS and jQuery but to show you methods for creating DOM elements using both.&lt;/p&gt;&lt;p&gt;Javascript has some helpful methods that allow us create HTML elements. This is important in cases where we do not want to hard-code the markup but rather generate them dynamically when certain events happen in the browser. This can be done using vanilla (plain) JavaScript or using the master of browser compatibilty &mdash; jQuery. The aim of this article is not to evaluate which is better between vanilla JS and jQuery but to show you methods for creating DOM elements using both.&lt;/p&gt;&lt;p&gt;Javascript has some helpful methods that allow us create HTML elements. This is important in cases where we do not want to hard-code the markup but rather generate them dynamically when certain events happen in the browser. This can be done using vanilla (plain) JavaScript or using the master of browser compatibilty &mdash; jQuery. The aim of this article is not to evaluate which is better between vanilla JS and jQuery but to show you methods for creating DOM elements using both.&lt;br&gt;&lt;/p&gt;&lt;p&gt;&lt;br&gt;&lt;/p&gt;', 1, 5, '0', NULL, '2021-08-29 08:26:34'),
(37, 'METRO Wholesle Myanmar လုပ်ငန်းများ ရပ်စဲမည်', 'save/61308b7eadf96_metro-myanmar.jpg', '&lt;p&gt;လုပ်ငန်းလည်ပတ်ရန် အခက်အခဲရှိသဖြင့် ရန်ကုန်မြို့၌ နာမည်ရနေသည့်&amp;nbsp; METRO Wholesle Myanmar လုပ်ငန်းများ အောက်တိုဘာလအကုန်တွင် ရပ်ဆိုင်းမည်ဖြစ်ကြောင်း METRO Wholesle Myanmar ၎င်း၏ လူမှုကွန်ရက် စာမျက်နှာမှတစ်ဆင့် စက်တင်ဘာ ၁ ရက်တွင် ကြေညာခဲ့သည်။&lt;/p&gt;&lt;p&gt;လုပ်ငန်းလည်ပတ်ရန် အခက်အခဲရှိသဖြင့် ရန်ကုန်မြို့၌ နာမည်ရနေသည့်&amp;nbsp; METRO Wholesle Myanmar လုပ်ငန်းများ အောက်တိုဘာလအကုန်တွင် ရပ်ဆိုင်းမည်ဖြစ်ကြောင်း METRO Wholesle Myanmar ၎င်း၏ လူမှုကွန်ရက် စာမျက်နှာမှတစ်ဆင့် စက်တင်ဘာ ၁ ရက်တွင် ကြေညာခဲ့သည်။&lt;/p&gt;&lt;p&gt;လုပ်ငန်းလည်ပတ်ရန် အခက်အခဲရှိသဖြင့် ရန်ကုန်မြို့၌ နာမည်ရနေသည့်&amp;nbsp; METRO Wholesle Myanmar လုပ်ငန်းများ အောက်တိုဘာလအကုန်တွင် ရပ်ဆိုင်းမည်ဖြစ်ကြောင်း METRO Wholesle Myanmar ၎င်း၏ လူမှုကွန်ရက် စာမျက်နှာမှတစ်ဆင့် စက်တင်ဘာ ၁ ရက်တွင် ကြေညာခဲ့သည်။&lt;br&gt;&lt;/p&gt;', 1, 1, '0', NULL, '2021-09-02 08:29:50'),
(38, 'How To Use SQL Subqueries', 'save/61308c160c8f8_Screenshot.png', '&lt;p&gt;We want to fetch users in a database with a transaction amount greater than $1,000. For our example, we&rsquo;ll have two tables, namely&amp;nbsp;&lt;font color=&quot;rgba(0, 0, 0, 0)&quot; face=&quot;Consolas, Monaco, Andale Mono, Ubuntu Mono, monospace&quot;&gt;&lt;span style=&quot;font-size: 1rem; display: inline-block; line-height: 1.3; padding: 0.0625rem 0.3125rem; border-radius: 0.3125rem;&quot;&gt;users&lt;/span&gt;&lt;/font&gt;&amp;nbsp;and&amp;nbsp;&lt;font color=&quot;rgba(0, 0, 0, 0)&quot; face=&quot;Consolas, Monaco, Andale Mono, Ubuntu Mono, monospace&quot;&gt;&lt;span style=&quot;font-size: 1rem; display: inline-block; line-height: 1.3; padding: 0.0625rem 0.3125rem; border-radius: 0.3125rem;&quot;&gt;transactions&lt;/span&gt;&lt;/font&gt;&amp;nbsp;which store the users and transaction information.a&lt;/p&gt;&lt;p&gt;We want to fetch users in a database with a transaction amount greater than $1,000. For our example, we&rsquo;ll have two tables, namely&amp;nbsp;&lt;font color=&quot;rgba(0, 0, 0, 0)&quot; face=&quot;Consolas, Monaco, Andale Mono, Ubuntu Mono, monospace&quot;&gt;&lt;span style=&quot;font-size: 1rem; display: inline-block; line-height: 1.3; padding: 0.0625rem 0.3125rem; border-radius: 0.3125rem;&quot;&gt;users&lt;/span&gt;&lt;/font&gt;&amp;nbsp;and&amp;nbsp;&lt;font color=&quot;rgba(0, 0, 0, 0)&quot; face=&quot;Consolas, Monaco, Andale Mono, Ubuntu Mono, monospace&quot;&gt;&lt;span style=&quot;font-size: 1rem; display: inline-block; line-height: 1.3; padding: 0.0625rem 0.3125rem; border-radius: 0.3125rem;&quot;&gt;transactions&lt;/span&gt;&lt;/font&gt;&amp;nbsp;which store the users and transaction information.a&lt;/p&gt;&lt;p&gt;We want to fetch users in a database with a transaction amount greater than $1,000. For our example, we&rsquo;ll have two tables, namely&amp;nbsp;&lt;font color=&quot;rgba(0, 0, 0, 0)&quot; face=&quot;Consolas, Monaco, Andale Mono, Ubuntu Mono, monospace&quot;&gt;&lt;span style=&quot;font-size: 1rem; display: inline-block; line-height: 1.3; padding: 0.0625rem 0.3125rem; border-radius: 0.3125rem;&quot;&gt;users&lt;/span&gt;&lt;/font&gt;&amp;nbsp;and&amp;nbsp;&lt;font color=&quot;rgba(0, 0, 0, 0)&quot; face=&quot;Consolas, Monaco, Andale Mono, Ubuntu Mono, monospace&quot;&gt;&lt;span style=&quot;font-size: 1rem; display: inline-block; line-height: 1.3; padding: 0.0625rem 0.3125rem; border-radius: 0.3125rem;&quot;&gt;transactions&lt;/span&gt;&lt;/font&gt;&amp;nbsp;which store the users and transaction information.a&lt;br&gt;&lt;/p&gt;', 1, 5, '0', NULL, '2021-09-02 08:32:22'),
(40, 'တောင်ကိုရီးယားတွင် ကမ္ဘာ့ပထမဆုံးအဖြစ် ဆော့ဖ်ဝဲလ်', 'save/613094eec4430_9-hl-afp_8.jpg', '&lt;p&gt;တောင်ကိုရီးယားတွင် ကမ္ဘာ့ပထမဆုံးအဖြစ် ဆော့ဖ်ဝဲလ်တောင်ကိုရီးယားတွင် ကမ္ဘာ့ပထမဆုံးအဖြစ် ဆော့ဖ်ဝဲလ်တောင်ကိုရီးယားတွင် ကမ္ဘာ့ပထမဆုံးအဖြစ် ဆော့ဖ်ဝဲလ်တောင်ကိုရီးယားတွင် ကမ္ဘာ့ပထမဆုံးအဖြစ် ဆော့ဖ်ဝဲလ်တောင်ကိုရီးယားတွင် ကမ္ဘာ့ပထမဆုံးအဖြစ် ဆော့ဖ်ဝဲလ်တောင်ကိုရီးယားတွင် ကမ္ဘာ့ပထမဆုံးအဖြစ် ဆော့ဖ်ဝဲလ်တောင်ကိုရီးယားတွင် ကမ္ဘာ့ပထမဆုံးအဖြစ် ဆော့ဖ်ဝဲလ်တောင်ကိုရီးယားတွင် ကမ္ဘာ့ပထမဆုံးအဖြစ် ဆော့ဖ်ဝဲလ်တောင်ကိုရီးယားတွင် ကမ္ဘာ့ပထမဆုံးအဖြစ် ဆော့ဖ်ဝဲလ်တောင်ကိုရီးယားတွင် ကမ္ဘာ့ပထမဆုံးအဖြစ် ဆော့ဖ်ဝဲလ်တောင်ကိုရီးယားတွင် ကမ္ဘာ့ပထမဆုံးအဖြစ် ဆော့ဖ်ဝဲလ်&lt;br&gt;&lt;/p&gt;', 1, 4, '0', NULL, '2021-09-02 09:10:06'),
(41, 'Mini Dashboard', 'save/6130951136f27_serie-a-inzaghi.png', '&lt;p&gt;တောင်ကိုရီးယားတွင် ကမ္ဘာ့ပထမဆုံးအဖြစ် ဆော့ဖ်ဝဲလ်တောင်ကိုရီးယားတွင် ကမ္ဘာ့ပထမဆုံးအဖြစ် ဆော့ဖ်ဝဲလ်တောင်ကိုရီးယားတွင် ကမ္ဘာ့ပထမဆုံးအဖြစ် ဆော့ဖ်ဝဲလ်တောင်ကိုရီးယားတွင် ကမ္ဘာ့ပထမဆုံးအဖြစ် ဆော့ဖ်ဝဲလ်တောင်ကိုရီးယားတွင် ကမ္ဘာ့ပထမဆုံးအဖြစ် ဆော့ဖ်ဝဲလ်တောင်ကိုရီးယားတွင် ကမ္ဘာ့ပထမဆုံးအဖြစ် ဆော့ဖ်ဝဲလ်တောင်ကိုရီးယားတွင် ကမ္ဘာ့ပထမဆုံးအဖြစ် ဆော့ဖ်ဝဲလ်တောင်ကိုရီးယားတွင် ကမ္ဘာ့ပထမဆုံးအဖြစ် ဆော့ဖ်ဝဲလ်တောင်ကိုရီးယားတွင် ကမ္ဘာ့ပထမဆုံးအဖြစ် ဆော့ဖ်ဝဲလ်တောင်ကိုရီးယားတွင် ကမ္ဘာ့ပထမဆုံးအဖြစ် ဆော့ဖ်ဝဲလ်တောင်ကိုရီးယားတွင် ကမ္ဘာ့ပထမဆုံးအဖြစ် ဆော့ဖ်ဝဲလ်တောင်ကိုရီးယားတွင် ကမ္ဘာ့ပထမဆုံးအဖြစ် ဆော့ဖ်ဝဲလ်တောင်ကိုရီးယားတွင် ကမ္ဘာ့ပထမဆုံးအဖြစ် ဆော့ဖ်ဝဲလ်တောင်ကိုရီးယားတွင် ကမ္ဘာ့ပထမဆုံးအဖြစ် ဆော့ဖ်ဝဲလ်&lt;br&gt;&lt;/p&gt;', 1, 2, '0', NULL, '2021-09-02 09:10:41'),
(42, 'စိတ်ဝင်စားမှုတွေနဲ့ပြည့်နေတဲ့ Cruella ရုပ်ရှင်ကဘာကြောင့်ကြည့်သင့်လဲ', 'save/61309555a4015_cruella-review_d6fw.jpg', '&lt;p&gt;ဖက်ရှင်ချစ်သူ ဖက်ရှင်စိတ်ဝင်စားတဲ့သူတွေအတွက်ရော မဖြစ်မနေကြည့်သင့်တဲ့ဇာတ်ကားတစ်ကားလို့ပြောလို့ရတဲ့ Cruella ရုပ်ရှင်ဇာတ်လားက Mulan ကဲ့သို့ Disney တွေကလည်းပါဝင်ပါတယ်။ရုပ်ရှင်ရဲ့ကြာမြင့်ချိန်က ၂ နာရီနဲ့ ၁၅ မိနစ်လောက်ဆိုပေမယ့် ဇာတ်ကားတစ်ခုလုံးက အံသြစရာတွေနဲ့ပြည့်နေတဲ့အတွက်အချိန်ကုန်လို့ကုန်မှန်းတောင်မသိလိုက်ပါဘူး။ဒါ့အပြင် Cruella ရုပ်ရှင်ရဲ့ ကာလာဖန်တီးပုံနဲ့ ဇာတ်လမ်းအသွားအလာတွေကလည်း လွမ်းဆွတ်စရာကောင်းတဲ့ အရာတစ်ခုအနေနဲ့ ရင်ထဲမှာကျန်ခဲ့ပါသေးတယ်။&lt;/p&gt;&lt;p&gt;Disney ရဲ့ဖန်တီးမှုတွေဖြစ်တဲ့ Wheelhouse, Dumbo and Beauty and the beast , Aladdin တို့လိုပဲ Cruella ကိုလည်း နှစ်လိုဖွယ်ကောင်းတဲ့ အရာတွေနဲ့ စီးပွါးရေးအလားလားကိုအကျိုးသက်ရောက်ဖို့မျှော်လင့်နေကြပါတယ်။၁၉၈၀ ခုနှစ်ကဖက်ရှင်အယူအဆကိုအခြေခံရိုက်ကူးထားပြီး Cruella ဆိုတဲ့သူဌေးမဘယ်လိုဖြစ်ပေါ်လာခဲ့လဲဆိုတာမြင်တွေရမှာပါနော်။&lt;br&gt;&lt;/p&gt;', 1, 3, '0', NULL, '2021-09-02 09:11:49'),
(43, 'အဆုတ်ကို သန့်စင်ပေးနိုင်တဲ့အစားအစာတွေကဘာတွေဖြစ်မလဲ', 'save/613095a9b0895_tubercolosis.jpg', '&lt;p&gt;အခုလိုအချိန်မျိုးမှာ အာဟာရပြည့်ဝအောင်စားပေးဖို့လိုအပ်သလို အဆုတ်ကိုအဓိက အားကောင်းအောင်လည်းလိုအပ်ပါတယ်။ ကျန်းမာရေးနဲ့ညီညွတ်တဲ့အစားအသောက်တွေကို စားပေးခြင်းကခန္ဓာကိုယ်မှာရှိတဲ့ကိုယ်ခံအားကိုလည်းအထူးဂရုစိုက်ရာရောက်ပါတယ်နော်။ အဆုတ်ကိုအားကောင်းစေပြီး သန့်စင်ပေးနိုင်တဲ့ အစားစာတွေကိုတော့တစ်နေ့တာရဲ့ ဖြည့်စွက်အစာတစ်ခုအနေနဲဲ့စားပေးဖို့လိုအပ်ပါတယ်။&lt;br style=&quot;box-sizing: inherit;&quot;&gt;&lt;span style=&quot;box-sizing: inherit; margin: 0px; padding: 0px; border: 0px; font-variant-numeric: inherit; font-variant-east-asian: inherit; font-stretch: inherit; line-height: inherit; vertical-align: baseline;&quot;&gt;ပန်းသီး&lt;/span&gt;&lt;br style=&quot;box-sizing: inherit;&quot;&gt;ပန်းသီးကမြန်မာလူမျိုးတွေအတွက် အသင့်တော်ဆုံးအသီးတစ်မျိုးလည်းဖြစ်သလို အလွယ်တကူ၀ယ်ယူလို့ရတဲ့အသီးတစ်မျိုးပါ။အမျှင်ဓာတ်နဲ့ Vitamin ဓာတ်တွေပါ၀င်တဲ့အတွက်အဆုတ်ကိုအားကောင်းစေပြီး သန့်စင်ပေးနိုင်တဲ့အသီးတစ်မျိုးဖြစ်ပါတယ်။ဆရာ၀န်တွေရဲ့ပြောကြားချက်အရ အခုလိုအချိန်မျိုးမှာ တစ်နေ့တစ်လုံးစားပေးသင့်ပါတယ်။&lt;br&gt;&lt;/p&gt;', 1, 1, '0', NULL, '2021-09-02 09:13:13'),
(44, 'မျိုးဆက်သစ်ခေါက်ချိုးဖုန်းတွေကိုအခုလ Galaxy Unpacked Event မှာမိတ်ဆက်လာနိုင်ခဲ့တဲ့ Samsung', 'save/613095ef68e5d_fold.jpg', '&lt;p&gt;Samsungလို့ ကမ္ဘာကျော်အမှတ်တံဆိပ် ဖြစ်ပေါ်လာခြင်းရဲ့ နောက်ကွယ်မှာ စိတ်ဝင်စားဖွယ်ကောင်းတာတွေ ရှိပါတယ်။ Samsungကို လျှပ်စစ်ပစ္စည်းနဲ့ စမတ်ဖုန်းထုတ်လုပ်တဲ့ကုမ္ပဏီရယ်လို့ လူမသိခင်မှာ Samsungဟာ ငါးခြောက်လုပ်ငန်းကနေ စတင်လုပ်ကိုင်ခဲ့တာပြီး အလုပ်သမား(၄၀)ခန့်နဲ့ Lee Byung-Cullက စတင် တည်ထောင်ခဲ့တာပဲဖြစ်ပါတယ်။ အလုပ်သမား(၄၀)နဲ့စတင်ခဲ့ပေမဲ့ 2019 ခုနှစ်မှတ်တမ်းတွေအရSamsung မှာ ကမ္ဘာနဲ့အဝှမ်းအလုပ်သမားပေါင်း နှစ်သိန်း&minus;ရှစ်သောင်းကျော် ရှိနေပါပြီ။ ငါးခြောက်လုပ်ငန်းမှာပဲ ရပ်မနေပဲ အထည်အလိပ်လုပ်ငန်းတွေ၊ Heavy industriesတွေနဲ့ Samsung shipbuildingတွေကနေစပြီး ကုမ္ပဏီအခွဲတွေတည်ထောင်ခဲ့ပြီး ရေနံ,ဓာတုလုပ်ငန်းတွေကိုပါ တိုးချဲ့လုပ်ကိုင်ခဲ့ပါတယ်။ Samsungဟာ ကိုရီးယားစစ်ပွဲအပြီးမှာ တောင်ကိုရီးယာနိုင်ငံရဲ့ စီးပွားရေးပြန်လည်ဦးမော့လာအောင် ပါဝင်ကူညီခဲ့ပါတယ်။&lt;/p&gt;&lt;p&gt;Samsungလို့ ကမ္ဘာကျော်အမှတ်တံဆိပ် ဖြစ်ပေါ်လာခြင်းရဲ့ နောက်ကွယ်မှာ စိတ်ဝင်စားဖွယ်ကောင်းတာတွေ ရှိပါတယ်။ Samsungကို လျှပ်စစ်ပစ္စည်းနဲ့ စမတ်ဖုန်းထုတ်လုပ်တဲ့ကုမ္ပဏီရယ်လို့ လူမသိခင်မှာ Samsungဟာ ငါးခြောက်လုပ်ငန်းကနေ စတင်လုပ်ကိုင်ခဲ့တာပြီး အလုပ်သမား(၄၀)ခန့်နဲ့ Lee Byung-Cullက စတင် တည်ထောင်ခဲ့တာပဲဖြစ်ပါတယ်။ အလုပ်သမား(၄၀)နဲ့စတင်ခဲ့ပေမဲ့ 2019 ခုနှစ်မှတ်တမ်းတွေအရSamsung မှာ ကမ္ဘာနဲ့အဝှမ်းအလုပ်သမားပေါင်း နှစ်သိန်း&minus;ရှစ်သောင်းကျော် ရှိနေပါပြီ။ ငါးခြောက်လုပ်ငန်းမှာပဲ ရပ်မနေပဲ အထည်အလိပ်လုပ်ငန်းတွေ၊ Heavy industriesတွေနဲ့ Samsung shipbuildingတွေကနေစပြီး ကုမ္ပဏီအခွဲတွေတည်ထောင်ခဲ့ပြီး ရေနံ,ဓာတုလုပ်ငန်းတွေကိုပါ တိုးချဲ့လုပ်ကိုင်ခဲ့ပါတယ်။ Samsungဟာ ကိုရီးယားစစ်ပွဲအပြီးမှာ တောင်ကိုရီးယာနိုင်ငံရဲ့ စီးပွားရေးပြန်လည်ဦးမော့လာအောင် ပါဝင်ကူညီခဲ့ပါတယ်။&lt;br&gt;&lt;/p&gt;', 1, 1, '0', NULL, '2021-09-02 09:14:23'),
(45, 'ကမ္ဘာမှာ ရင်သပ်ရှုမောစရာအကောင်းဆုံးရေတံခွန် ၅ ခုက', 'save/613096b4c9fc3_a80.jpg', '&lt;p&gt;ကျွနု်ပ်တို့နေထိုင်ရာကမ္ဘာမြေကြီးပေါ်မှာ အံဩစရာကောင်းလောက်အောင်ထူးခြားပြီးလှပတဲ့အရာတွေရှိပါတယ်။သဘာဝတရားအတိုင်းဖြစ်ပေါ်နေတဲ့ အလှအပတရားတွေကလည်းမရေမတွက်နိုင်လောက်အောင်များပြားပါတယ်။ သဘာဝတရားကြီးကဘယ်လောက်တောင်အလှတရားကိုချစ်မြတ်နိုးသလဲဆိုရင် ငေးမော့လို့မကုန်နိုင်သောတောင်တန်းရဲ့အလှတရားတွေ စိတ်ကိုလန်းဆန်းစေတဲ့ပန်းပင်တွေများပြားလွန်းလှပါတယ်။ ကမ္ဘာမြေကြီးပေါ်မှာ ထူးဆန်းပြီးလှပတဲ့အထဲကမှ နာမည်ကြီးပြီးအရမ်းကိုလှပတဲ့ရေတံခွန် ၅ ခုကိုပြောပြပေးချင်ပါတယ်။&lt;br style=&quot;box-sizing: inherit;&quot;&gt;Ban Gioc Waterfalls&lt;br style=&quot;box-sizing: inherit;&quot;&gt;ဗီယက်နမ်နိုင်ငံရဲ့ မြောက်ဘက်မှာတည်ရှိတဲ့ ရေတံခွန်တစ်ခုဖြစ်ပြီး တရုပ်ပြည်နဲ့လည်းနီးစပ်ပါတယ်။ ရေတံခွန်ရဲ့အရှည်က 30 မီတာရှည်လျားပါတယ်။ Hanoi မြို့ကနေသွားရင်တော့ ၈နာရီခန့်ကြာပြီးတော့ ဗီယက်နမ်နိုင်ငံနဲ့ တရုပ်နိုင်ငံအတွက်လည်းဆို ကမ္ဘာလှည့်ခရီးသွားတွေအတွက် မဖြစ်မနေသွားသင့်တဲ့ရေတံခွန်လည်းဖြစ်ပါတယ်။&lt;br&gt;&lt;/p&gt;', 1, 1, '0', NULL, '2021-09-02 09:17:40'),
(47, 'မနက်ခင်းတစ်ခုက ဘဝလမ်းကြောင်းမှာဘယ်လောက်အရေးပါလဲ', 'save/61319a0a5e927_image-71.png', '&lt;p&gt;မနက်ခင်းတစ်ခုက ဘဝလမ်းကြောင်းမှာဘယ်လောက်အရေးပါလဲမနက်ခင်းတစ်ခုက ဘဝလမ်းကြောင်းမှာဘယ်လောက်အရေးပါလဲမနက်ခင်းတစ်ခုက ဘဝလမ်းကြောင်းမှာဘယ်လောက်အရေးပါလဲမနက်ခင်းတစ်ခုက ဘဝလမ်းကြောင်းမှာဘယ်လောက်အရေးပါလဲမနက်ခင်းတစ်ခုက ဘဝလမ်းကြောင်းမှာဘယ်လောက်အရေးပါလဲမနက်ခင်းတစ်ခုက ဘဝလမ်းကြောင်းမှာဘယ်လောက်အရေးပါလဲမနက်ခင်းတစ်ခုက ဘဝလမ်းကြောင်းမှာဘယ်လောက်အရေးပါလဲမနက်ခင်းတစ်ခုက ဘဝလမ်းကြောင်းမှာဘယ်လောက်အရေးပါလဲမနက်ခင်းတစ်ခုက ဘဝလမ်းကြောင်းမှာဘယ်လောက်အရေးပါလဲမနက်ခင်းတစ်ခုက ဘဝလမ်းကြောင်းမှာဘယ်လောက်အရေးပါလဲမနက်ခင်းတစ်ခုက ဘဝလမ်းကြောင်းမှာဘယ်လောက်အရေးပါလဲမနက်ခင်းတစ်ခုက ဘဝလမ်းကြောင်းမှာဘယ်လောက်အရေးပါလဲမနက်ခင်းတစ်ခုက ဘဝလမ်းကြောင်းမှာဘယ်လောက်အရေးပါလဲ&lt;br&gt;&lt;/p&gt;', 1, 1, '0', NULL, '2021-09-03 03:44:10'),
(48, 'Education News', 'save/61319dd32249f_education.jpg', '&lt;p&gt;http://localhost:8080/fdetail.php?id=45http://localhost:8080/fdetail.php?id=45http://localhost:8080/fdetail.php?id=45http://localhost:8080/fdetail.php?id=45http://localhost:8080/fdetail.php?id=45http://localhost:8080/fdetail.php?id=45http://localhost:8080/fdetail.php?id=45http://localhost:8080/fdetail.php?id=45http://localhost:8080/fdetail.php?id=45http://localhost:8080/fdetail.php?id=45http://localhost:8080/fdetail.php?id=45http://localhost:8080/fdetail.php?id=45http://localhost:8080/fdetail.php?id=45http://localhost:8080/fdetail.php?id=45http://localhost:8080/fdetail.php?id=45http://localhost:8080/fdetail.php?id=45http://localhost:8080/fdetail.php?id=45&lt;br&gt;&lt;/p&gt;', 1, 4, '0', NULL, '2021-09-03 04:00:19');

-- --------------------------------------------------------

--
-- Table structure for table `transition`
--

CREATE TABLE `transition` (
  `id` int(11) NOT NULL,
  `from_user` int(11) NOT NULL,
  `to_user` int(11) NOT NULL,
  `amount` decimal(10,0) NOT NULL,
  `description` varchar(255) NOT NULL,
  `created_at` timestamp NOT NULL DEFAULT current_timestamp()
) ENGINE=InnoDB DEFAULT CHARSET=utf8mb4;

--
-- Dumping data for table `transition`
--

INSERT INTO `transition` (`id`, `from_user`, `to_user`, `amount`, `description`, `created_at`) VALUES
(1, 2, 1, '100', 'testing', '2021-05-01 23:38:59'),
(2, 1, 3, '200', 'project', '2021-05-01 23:44:50'),
(3, 2, 3, '250', 'work', '2021-05-01 23:45:11');

-- --------------------------------------------------------

--
-- Table structure for table `users`
--

CREATE TABLE `users` (
  `id` int(11) NOT NULL,
  `name` varchar(50) NOT NULL,
  `email` varchar(50) NOT NULL,
  `password` varchar(255) NOT NULL,
  `role` enum('0','1','2') NOT NULL DEFAULT '2',
  `photo` varchar(255) NOT NULL DEFAULT 'default.png',
  `money` bigint(20) NOT NULL DEFAULT 0,
  `created_at` timestamp NOT NULL DEFAULT current_timestamp()
) ENGINE=InnoDB DEFAULT CHARSET=utf8mb4;

--
-- Dumping data for table `users`
--

INSERT INTO `users` (`id`, `name`, `email`, `password`, `role`, `photo`, `money`, `created_at`) VALUES
(1, 'admin', 'admin@gmail.com', '$2y$10$U1FSvKJSRBbZDi2P2pUMxeITO9UuF.BLTA2n4eR3oMYyDIx63jPPi', '0', 'default.png', 66500, '2021-05-01 22:03:06'),
(2, 'mgmg', 'mgmg@gmail.com', '$2y$10$7I3XRY32bxCT3ZUd0BbXkO/Cox0y85qE4KsykfRmkzMfI38P/1HE2', '1', 'default.png', 6550, '2021-05-01 22:08:47'),
(3, 'kzl', 'kzl@gmail.com', '$2y$10$G5itOMmk9ZmPGgHGzKe2P.UVtd8o.BRC8tYlnjlkSnYbhGTS3kzSa', '2', 'default.png', 3450, '2021-05-01 22:09:18'),
(6, 'eaintchuemon', 'eaint@gmail.com', '$2y$10$KcdNrEpuxDp2Vw7cVoFZsezkRtUZUZZwEQltXtqgIM2poUMELcV7u', '2', 'default.png', 0, '2021-06-11 09:57:55');

-- --------------------------------------------------------

--
-- Table structure for table `viewers`
--

CREATE TABLE `viewers` (
  `id` int(11) NOT NULL,
  `user_id` int(11) NOT NULL,
  `post_id` int(11) NOT NULL,
  `device` varchar(255) NOT NULL,
  `created_at` timestamp NOT NULL DEFAULT current_timestamp()
) ENGINE=InnoDB DEFAULT CHARSET=utf8mb4;

--
-- Dumping data for table `viewers`
--

INSERT INTO `viewers` (`id`, `user_id`, `post_id`, `device`, `created_at`) VALUES
(1, 1, 31, 'Mozilla/5.0 (Windows NT 10.0; Win64; x64) AppleWebKit/537.36 (KHTML, like Gecko) Chrome/92.0.4515.159 Safari/537.36', '2021-09-02 08:09:41'),
(2, 1, 42, 'Mozilla/5.0 (Windows NT 10.0; Win64; x64) AppleWebKit/537.36 (KHTML, like Gecko) Chrome/92.0.4515.159 Safari/537.36', '2021-09-02 09:12:07'),
(3, 1, 45, 'Mozilla/5.0 (Windows NT 10.0; Win64; x64) AppleWebKit/537.36 (KHTML, like Gecko) Chrome/92.0.4515.159 Safari/537.36', '2021-09-02 09:17:47'),
(4, 1, 45, 'Mozilla/5.0 (Windows NT 10.0; Win64; x64) AppleWebKit/537.36 (KHTML, like Gecko) Chrome/92.0.4515.159 Safari/537.36', '2021-09-02 09:18:25'),
(5, 1, 45, 'Mozilla/5.0 (Windows NT 10.0; Win64; x64) AppleWebKit/537.36 (KHTML, like Gecko) Chrome/92.0.4515.159 Safari/537.36', '2021-09-02 09:18:33'),
(6, 1, 45, 'Mozilla/5.0 (Windows NT 10.0; Win64; x64) AppleWebKit/537.36 (KHTML, like Gecko) Chrome/92.0.4515.159 Safari/537.36', '2021-09-02 09:18:36'),
(7, 1, 45, 'Mozilla/5.0 (Windows NT 10.0; Win64; x64) AppleWebKit/537.36 (KHTML, like Gecko) Chrome/92.0.4515.159 Safari/537.36', '2021-09-02 09:18:45'),
(8, 1, 45, 'Mozilla/5.0 (Windows NT 10.0; Win64; x64) AppleWebKit/537.36 (KHTML, like Gecko) Chrome/92.0.4515.159 Safari/537.36', '2021-09-02 09:18:48'),
(9, 0, 45, 'Mozilla/5.0 (Windows NT 10.0; Win64; x64) AppleWebKit/537.36 (KHTML, like Gecko) Chrome/92.0.4515.159 Safari/537.36', '2021-09-02 12:46:24'),
(10, 0, 45, 'Mozilla/5.0 (Windows NT 10.0; Win64; x64) AppleWebKit/537.36 (KHTML, like Gecko) Chrome/92.0.4515.159 Safari/537.36', '2021-09-02 13:26:17'),
(11, 0, 3, 'Mozilla/5.0 (Windows NT 10.0; Win64; x64) AppleWebKit/537.36 (KHTML, like Gecko) Chrome/92.0.4515.159 Safari/537.36', '2021-09-02 13:26:57'),
(12, 0, 24, 'Mozilla/5.0 (Windows NT 10.0; Win64; x64) AppleWebKit/537.36 (KHTML, like Gecko) Chrome/92.0.4515.159 Safari/537.36', '2021-09-02 13:28:03'),
(13, 0, 43, 'Mozilla/5.0 (Windows NT 10.0; Win64; x64) AppleWebKit/537.36 (KHTML, like Gecko) Chrome/92.0.4515.159 Safari/537.36', '2021-09-02 13:37:23'),
(14, 1, 42, 'Mozilla/5.0 (Windows NT 10.0; Win64; x64) AppleWebKit/537.36 (KHTML, like Gecko) Chrome/92.0.4515.159 Safari/537.36', '2021-09-02 13:57:52'),
(15, 1, 43, 'Mozilla/5.0 (Windows NT 10.0; Win64; x64) AppleWebKit/537.36 (KHTML, like Gecko) Chrome/92.0.4515.159 Safari/537.36', '2021-09-02 13:59:53'),
(16, 2, 46, 'Mozilla/5.0 (Windows NT 10.0; Win64; x64) AppleWebKit/537.36 (KHTML, like Gecko) Chrome/92.0.4515.159 Safari/537.36', '2021-09-02 14:50:02'),
(17, 2, 45, 'Mozilla/5.0 (Windows NT 10.0; Win64; x64) AppleWebKit/537.36 (KHTML, like Gecko) Chrome/92.0.4515.159 Safari/537.36', '2021-09-02 14:51:25'),
(18, 2, 41, 'Mozilla/5.0 (Windows NT 10.0; Win64; x64) AppleWebKit/537.36 (KHTML, like Gecko) Chrome/92.0.4515.159 Safari/537.36', '2021-09-02 15:27:32'),
(19, 2, 45, 'Mozilla/5.0 (Windows NT 10.0; Win64; x64) AppleWebKit/537.36 (KHTML, like Gecko) Chrome/92.0.4515.159 Safari/537.36', '2021-09-02 16:22:38'),
(20, 0, 42, 'Mozilla/5.0 (Windows NT 10.0; Win64; x64) AppleWebKit/537.36 (KHTML, like Gecko) Chrome/92.0.4515.159 Safari/537.36', '2021-09-03 03:40:18'),
(21, 1, 47, 'Mozilla/5.0 (Windows NT 10.0; Win64; x64) AppleWebKit/537.36 (KHTML, like Gecko) Chrome/92.0.4515.159 Safari/537.36', '2021-09-03 03:44:40'),
(22, 0, 47, 'Mozilla/5.0 (Windows NT 10.0; Win64; x64) AppleWebKit/537.36 (KHTML, like Gecko) Chrome/92.0.4515.159 Safari/537.36 Edg/92.0.902.84', '2021-09-03 03:45:40'),
(23, 0, 45, 'Mozilla/5.0 (Windows NT 10.0; Win64; x64) AppleWebKit/537.36 (KHTML, like Gecko) Chrome/92.0.4515.159 Safari/537.36', '2021-09-03 03:55:32'),
(24, 1, 45, 'Mozilla/5.0 (Windows NT 10.0; Win64; x64) AppleWebKit/537.36 (KHTML, like Gecko) Chrome/92.0.4515.159 Safari/537.36', '2021-09-03 03:58:52'),
(25, 0, 45, 'Mozilla/5.0 (Windows NT 10.0; Win64; x64) AppleWebKit/537.36 (KHTML, like Gecko) Chrome/92.0.4515.159 Safari/537.36 Edg/92.0.902.84', '2021-09-03 03:59:13');

--
-- Indexes for dumped tables
--

--
-- Indexes for table `ads`
--
ALTER TABLE `ads`
  ADD PRIMARY KEY (`id`);

--
-- Indexes for table `categories`
--
ALTER TABLE `categories`
  ADD PRIMARY KEY (`id`);

--
-- Indexes for table `posts`
--
ALTER TABLE `posts`
  ADD PRIMARY KEY (`id`);

--
-- Indexes for table `transition`
--
ALTER TABLE `transition`
  ADD PRIMARY KEY (`id`);

--
-- Indexes for table `users`
--
ALTER TABLE `users`
  ADD PRIMARY KEY (`id`);

--
-- Indexes for table `viewers`
--
ALTER TABLE `viewers`
  ADD PRIMARY KEY (`id`);

--
-- AUTO_INCREMENT for dumped tables
--

--
-- AUTO_INCREMENT for table `ads`
--
ALTER TABLE `ads`
  MODIFY `id` int(11) NOT NULL AUTO_INCREMENT, AUTO_INCREMENT=2;

--
-- AUTO_INCREMENT for table `categories`
--
ALTER TABLE `categories`
  MODIFY `id` int(11) NOT NULL AUTO_INCREMENT, AUTO_INCREMENT=14;

--
-- AUTO_INCREMENT for table `posts`
--
ALTER TABLE `posts`
  MODIFY `id` int(11) NOT NULL AUTO_INCREMENT, AUTO_INCREMENT=49;

--
-- AUTO_INCREMENT for table `transition`
--
ALTER TABLE `transition`
  MODIFY `id` int(11) NOT NULL AUTO_INCREMENT, AUTO_INCREMENT=4;

--
-- AUTO_INCREMENT for table `users`
--
ALTER TABLE `users`
  MODIFY `id` int(11) NOT NULL AUTO_INCREMENT, AUTO_INCREMENT=8;

--
-- AUTO_INCREMENT for table `viewers`
--
ALTER TABLE `viewers`
  MODIFY `id` int(11) NOT NULL AUTO_INCREMENT, AUTO_INCREMENT=26;
COMMIT;

/*!40101 SET CHARACTER_SET_CLIENT=@OLD_CHARACTER_SET_CLIENT */;
/*!40101 SET CHARACTER_SET_RESULTS=@OLD_CHARACTER_SET_RESULTS */;
/*!40101 SET COLLATION_CONNECTION=@OLD_COLLATION_CONNECTION */;
